annotation_id,cvat_image_id,cvat_box_index,source_image,source_image_sha256,component_class_source,component_class,component_group,damage_state_source,damage_level,box_x1,box_y1,box_x2,box_y2,box_width,box_height,box_area,occluded,annotation_source,split
SCVAT_07D185BCFADA39E3,0,1,01_comms_possible.png,530f948aad73b92f0ec1551170be253eb788701c604d81572489c112719e1a7d,wheel_tire,wheel_tire,mobility,intact,no_visible_damage,436.89,609.79,763.73,963.13,326.84,353.34,115485.65,0,manual,
SCVAT_D5EB7B9814435D2E,0,2,01_comms_possible.png,530f948aad73b92f0ec1551170be253eb788701c604d81572489c112719e1a7d,wheel_tire,wheel_tire,mobility,intact,no_visible_damage,1210.96,586.23,1414.08,844.73,203.12,258.50,52506.52,0,manual,
SCVAT_DA10DFF369808B16,0,3,01_comms_possible.png,530f948aad73b92f0ec1551170be253eb788701c604d81572489c112719e1a7d,wheel_tire,wheel_tire,mobility,unknown,unobservable,859.79,742.13,1017.00,798.38,157.21,56.25,8843.06,0,manual,
SCVAT_3D97803F9BACA206,0,4,01_comms_possible.png,530f948aad73b92f0ec1551170be253eb788701c604d81572489c112719e1a7d,wheel_tire,wheel_tire,mobility,intact,no_visible_damage,66.02,641.37,345.01,887.82,278.99,246.45,68757.09,0,manual,
SCVAT_345ADA3C63509304,0,5,01_comms_possible.png,530f948aad73b92f0ec1551170be253eb788701c604d81572489c112719e1a7d,windshield,windshield,structure,intact,no_visible_damage,448.20,296.55,888.49,459.62,440.29,163.07,71798.09,0,manual,
SCVAT_2BBCF45B7001E995,0,6,01_comms_possible.png,530f948aad73b92f0ec1551170be253eb788701c604d81572489c112719e1a7d,engine_bay,engine_bay,structure,intact,no_visible_damage,62.76,458.13,855.88,640.48,793.12,182.35,144625.43,0,manual,
SCVAT_B4B7BB30E61B97A6,0,7,01_comms_possible.png,530f948aad73b92f0ec1551170be253eb788701c604d81572489c112719e1a7d,comms_equipment,comms_equipment,mission_equipment,intact,no_visible_damage,399.66,286.68,459.00,466.13,59.34,179.45,10648.56,0,manual,
SCVAT_D001F53C2E251E53,1,1,02_weapon_station_severe.png,4f44b28380dfa52093a083575ee1548f6c7761e4d1b888a368acb1451932807f,door,door,structure,intact,no_visible_damage,827.92,381.66,1068.86,771.16,240.94,389.50,93846.13,0,manual,
SCVAT_8C03254C223D9D5F,1,2,02_weapon_station_severe.png,4f44b28380dfa52093a083575ee1548f6c7761e4d1b888a368acb1451932807f,door,door,structure,intact,no_visible_damage,1068.80,376.54,1245.68,729.52,176.88,352.98,62435.10,0,manual,
SCVAT_66FC6F718509200F,1,3,02_weapon_station_severe.png,4f44b28380dfa52093a083575ee1548f6c7761e4d1b888a368acb1451932807f,wheel_tire,wheel_tire,mobility,intact,no_visible_damage,522.34,652.65,814.53,983.21,292.19,330.56,96586.33,0,manual,
SCVAT_401F1C268E0C0987,1,4,02_weapon_station_severe.png,4f44b28380dfa52093a083575ee1548f6c7761e4d1b888a368acb1451932807f,wheel_tire,wheel_tire,mobility,intact,no_visible_damage,1258.29,582.69,1431.62,846.97,173.33,264.28,45807.65,0,manual,
SCVAT_D9E494836FC86A5D,1,5,02_weapon_station_severe.png,4f44b28380dfa52093a083575ee1548f6c7761e4d1b888a368acb1451932807f,wheel_tire,wheel_tire,mobility,intact,no_visible_damage,135.18,755.52,364.22,903.00,229.04,147.48,33778.82,0,manual,
SCVAT_C966AFF684BF0CE7,1,6,02_weapon_station_severe.png,4f44b28380dfa52093a083575ee1548f6c7761e4d1b888a368acb1451932807f,weapons_station,weapon_station,mission_equipment,intact,no_visible_damage,565.83,32.08,1131.39,329.31,565.56,297.23,168101.40,0,manual,
SCVAT_F49BAA9EE0C7DB48,2,1,03_windshield_severe.png,68450ddbc0670440bc2e300b747f9f77a519c08efc9332f7fce06c4d6d9707bc,wheel_tire,wheel_tire,mobility,intact,no_visible_damage,712.71,525.91,1017.07,931.19,304.36,405.28,123351.02,0,manual,
SCVAT_0379544C35EC49AF,2,2,03_windshield_severe.png,68450ddbc0670440bc2e300b747f9f77a519c08efc9332f7fce06c4d6d9707bc,wheel_tire,wheel_tire,mobility,intact,no_visible_damage,52.66,550.02,355.76,882.97,303.10,332.95,100917.15,0,manual,
SCVAT_2FF72038D61FE459,2,3,03_windshield_severe.png,68450ddbc0670440bc2e300b747f9f77a519c08efc9332f7fce06c4d6d9707bc,wheel_tire,wheel_tire,mobility,intact,no_visible_damage,1266.10,510.98,1453.36,814.09,187.26,303.11,56760.38,0,manual,
SCVAT_EB3F072CBFC65825,2,4,03_windshield_severe.png,68450ddbc0670440bc2e300b747f9f77a519c08efc9332f7fce06c4d6d9707bc,windshield,windshield,structure,destroyed,severe_visible_damage,403.86,175.73,1066.44,361.73,662.58,186.00,123239.88,0,manual,
SCVAT_8B0C3011B4612DA0,2,5,03_windshield_severe.png,68450ddbc0670440bc2e300b747f9f77a519c08efc9332f7fce06c4d6d9707bc,engine_bay,engine_bay,structure,intact,no_visible_damage,46.80,354.84,1063.00,575.28,1016.20,220.44,224011.13,0,manual,
SCVAT_BFC470C48071BF52,2,6,03_windshield_severe.png,68450ddbc0670440bc2e300b747f9f77a519c08efc9332f7fce06c4d6d9707bc,comms_equipment,comms_equipment,mission_equipment,intact,no_visible_damage,341.70,129.81,421.70,368.62,80.00,238.81,19104.80,0,manual,
SCVAT_991A605A5F1D82E7,2,7,03_windshield_severe.png,68450ddbc0670440bc2e300b747f9f77a519c08efc9332f7fce06c4d6d9707bc,door,door,structure,intact,no_visible_damage,1089.04,204.72,1221.01,628.18,131.97,423.46,55884.02,0,manual,
SCVAT_5A746E88E40D0120,2,8,03_windshield_severe.png,68450ddbc0670440bc2e300b747f9f77a519c08efc9332f7fce06c4d6d9707bc,door,door,structure,intact,no_visible_damage,1219.09,222.02,1345.29,614.72,126.20,392.70,49558.74,0,manual,
SCVAT_4217533722032C66,3,1,04_door_possible.png,8c6913f6766d0acd7b77df43f32d157aadadd87700a9df04e28661175677cd58,door,door,structure,degraded,possible_damage,312.93,106.54,617.46,700.75,304.53,594.21,180954.77,0,manual,
SCVAT_021BA7202D9C4C10,3,2,04_door_possible.png,8c6913f6766d0acd7b77df43f32d157aadadd87700a9df04e28661175677cd58,door,door,structure,intact,no_visible_damage,151.11,130.77,332.53,659.35,181.42,528.58,95894.98,0,manual,
SCVAT_9F86BF5A1B97D1C1,3,3,04_door_possible.png,8c6913f6766d0acd7b77df43f32d157aadadd87700a9df04e28661175677cd58,wheel_tire,wheel_tire,mobility,intact,no_visible_damage,769.66,575.33,1254.28,1086.00,484.62,510.67,247480.90,0,manual,
SCVAT_904F83325C26B0D8,3,4,04_door_possible.png,8c6913f6766d0acd7b77df43f32d157aadadd87700a9df04e28661175677cd58,wheel_tire,wheel_tire,mobility,intact,no_visible_damage,0.98,467.06,222.66,839.67,221.68,372.61,82600.18,0,manual,
SCVAT_1A8157C63FA3B83C,3,5,04_door_possible.png,8c6913f6766d0acd7b77df43f32d157aadadd87700a9df04e28661175677cd58,windshield,windshield,structure,intact,no_visible_damage,670.77,71.87,1355.46,322.64,684.69,250.77,171699.71,0,manual,
SCVAT_63DF152E22B7F7EF,3,6,04_door_possible.png,8c6913f6766d0acd7b77df43f32d157aadadd87700a9df04e28661175677cd58,engine_bay,engine_bay,structure,intact,no_visible_damage,717.26,325.46,1448.00,688.94,730.74,363.48,265609.38,0,manual,
SCVAT_451AA22C5FA8662B,4,1,05_engine_bay_unobservable.png,6a6bc6fbce7134ae37acae394f6c5c0f9c3e32b7872bb07d42cce55674789e3b,engine_bay,engine_bay,structure,intact,no_visible_damage,368.53,0.00,1395.39,669.55,1026.86,669.55,687534.11,0,manual,
SCVAT_51AFDF8C05B76001,4,2,05_engine_bay_unobservable.png,6a6bc6fbce7134ae37acae394f6c5c0f9c3e32b7872bb07d42cce55674789e3b,wheel_tire,wheel_tire,mobility,intact,no_visible_damage,383.61,580.49,686.26,1024.00,302.65,443.51,134228.30,0,manual,
SCVAT_930342BFE0C20CAE,4,3,05_engine_bay_unobservable.png,6a6bc6fbce7134ae37acae394f6c5c0f9c3e32b7872bb07d42cce55674789e3b,wheel_tire,wheel_tire,mobility,intact,no_visible_damage,1063.34,624.15,1349.12,919.85,285.78,295.70,84505.15,0,manual,
SCVAT_C766F82A105D1D8F,4,4,05_engine_bay_unobservable.png,6a6bc6fbce7134ae37acae394f6c5c0f9c3e32b7872bb07d42cce55674789e3b,wheel_tire,wheel_tire,mobility,intact,no_visible_damage,85.45,489.05,221.36,739.80,135.91,250.75,34079.43,0,manual,
SCVAT_648263E390A52C39,4,5,05_engine_bay_unobservable.png,6a6bc6fbce7134ae37acae394f6c5c0f9c3e32b7872bb07d42cce55674789e3b,windshield,windshield,structure,intact,no_visible_damage,377.83,224.41,510.77,377.92,132.94,153.51,20407.62,0,manual,
SCVAT_E41E78199E1D5FEE,4,6,05_engine_bay_unobservable.png,6a6bc6fbce7134ae37acae394f6c5c0f9c3e32b7872bb07d42cce55674789e3b,door,door,structure,intact,no_visible_damage,243.19,236.41,357.25,636.06,114.06,399.65,45584.08,0,manual,
SCVAT_9B5FDBE927716B79,4,7,05_engine_bay_unobservable.png,6a6bc6fbce7134ae37acae394f6c5c0f9c3e32b7872bb07d42cce55674789e3b,door,door,structure,intact,no_visible_damage,156.57,256.91,251.76,603.47,95.19,346.56,32989.05,0,manual,
SCVAT_06E0596A6732129F,5,1,06_wheel_tire_severe.png,9637def7470a65bb03b13a0f986526018b536ee10de5deabd68271d2ec85223b,door,door,structure,intact,no_visible_damage,174.58,161.80,324.66,544.30,150.08,382.50,57405.60,0,manual,
SCVAT_D0293EDB0C94C477,5,2,06_wheel_tire_severe.png,9637def7470a65bb03b13a0f986526018b536ee10de5deabd68271d2ec85223b,door,door,structure,intact,no_visible_damage,325.52,141.13,501.33,569.17,175.81,428.04,75253.71,0,manual,
SCVAT_78A04553CDC9D0B1,5,3,06_wheel_tire_severe.png,9637def7470a65bb03b13a0f986526018b536ee10de5deabd68271d2ec85223b,wheel_tire,wheel_tire,mobility,intact,no_visible_damage,60.51,418.23,244.05,695.24,183.54,277.01,50842.42,0,manual,
SCVAT_327EFD4A07B4A23D,5,4,06_wheel_tire_severe.png,9637def7470a65bb03b13a0f986526018b536ee10de5deabd68271d2ec85223b,wheel_tire,wheel_tire,mobility,destroyed,severe_visible_damage,619.68,502.28,979.88,909.65,360.20,407.37,146734.67,0,manual,
SCVAT_46B458567A1AD0D9,5,5,06_wheel_tire_severe.png,9637def7470a65bb03b13a0f986526018b536ee10de5deabd68271d2ec85223b,wheel_tire,wheel_tire,mobility,intact,no_visible_damage,1169.42,597.47,1479.02,806.73,309.60,209.26,64786.90,0,manual,
SCVAT_719FC6089CCB699C,5,6,06_wheel_tire_severe.png,9637def7470a65bb03b13a0f986526018b536ee10de5deabd68271d2ec85223b,windshield,windshield,structure,intact,no_visible_damage,533.06,128.35,1074.22,306.74,541.16,178.39,96537.53,0,manual,
SCVAT_D222F0071605B913,5,7,06_wheel_tire_severe.png,9637def7470a65bb03b13a0f986526018b536ee10de5deabd68271d2ec85223b,engine_bay,engine_bay,structure,intact,no_visible_damage,583.66,310.17,1488.45,582.89,904.79,272.72,246754.33,0,manual,
SCVAT_16E144CA40CB75D7,5,8,06_wheel_tire_severe.png,9637def7470a65bb03b13a0f986526018b536ee10de5deabd68271d2ec85223b,comms_equipment,comms_equipment,mission_equipment,intact,no_visible_damage,554.50,30.58,647.99,347.90,93.49,317.32,29666.25,0,manual,
SCVAT_17C0F8A2CE1E32D5,6,1,07_comms_intact.png,dec990ce64d2417bbbd6d8bc175d74375b0e50cd7a5baa1b546544785b97d9c7,door,door,structure,intact,no_visible_damage,334.85,333.39,603.94,1086.00,269.09,752.61,202519.82,0,manual,
SCVAT_6EFD6DD201268105,6,2,07_comms_intact.png,dec990ce64d2417bbbd6d8bc175d74375b0e50cd7a5baa1b546544785b97d9c7,wheel_tire,wheel_tire,mobility,intact,no_visible_damage,62.10,791.22,230.13,1086.00,168.03,294.78,49531.88,0,manual,
SCVAT_839D117118299A5E,8,1,09_weapon_possible.png,5e064349e5735d2bc2282aa89c4300191f95a98704e98c465e6918c5526038fe,weapons_station,weapon_station,mission_equipment,intact,no_visible_damage,58.77,55.67,1387.30,636.11,1328.53,580.44,771131.95,0,manual,
SCVAT_A9E2814E553BC9C6,8,2,09_weapon_possible.png,5e064349e5735d2bc2282aa89c4300191f95a98704e98c465e6918c5526038fe,windshield,windshield,structure,intact,no_visible_damage,82.70,716.41,1290.09,1086.00,1207.39,369.59,446239.27,0,manual,
SCVAT_DAE54463A005DE1E,8,3,09_weapon_possible.png,5e064349e5735d2bc2282aa89c4300191f95a98704e98c465e6918c5526038fe,comms_equipment,comms_equipment,mission_equipment,intact,no_visible_damage,64.41,582.57,340.54,1086.00,276.13,503.43,139012.13,0,manual,
SCVAT_30EE9015522ABF7E,9,1,10_weapon_intact.png,326b2ca0def369beb7f8bfbaafb1c61c613436446b5dea24a1713630555e0468,comms_equipment,comms_equipment,mission_equipment,intact,no_visible_damage,395.48,330.39,506.78,675.56,111.30,345.17,38417.42,0,manual,
SCVAT_2E9E5F0430238C68,9,2,10_weapon_intact.png,326b2ca0def369beb7f8bfbaafb1c61c613436446b5dea24a1713630555e0468,wheel_tire,wheel_tire,mobility,intact,no_visible_damage,426.48,927.74,811.09,1086.00,384.61,158.26,60868.38,0,manual,
SCVAT_B75314778E8D5D69,9,3,10_weapon_intact.png,326b2ca0def369beb7f8bfbaafb1c61c613436446b5dea24a1713630555e0468,windshield,windshield,structure,intact,no_visible_damage,484.24,406.47,1142.16,637.52,657.92,231.05,152012.42,0,manual,
SCVAT_EE2ED05AAB62CFF3,9,4,10_weapon_intact.png,326b2ca0def369beb7f8bfbaafb1c61c613436446b5dea24a1713630555e0468,wheel_tire,wheel_tire,mobility,intact,no_visible_damage,0.00,740.36,110.90,1047.49,110.90,307.13,34060.72,0,manual,
SCVAT_976116CAE3048694,9,5,10_weapon_intact.png,326b2ca0def369beb7f8bfbaafb1c61c613436446b5dea24a1713630555e0468,weapons_station,weapon_station,mission_equipment,intact,no_visible_damage,356.03,88.07,1199.93,372.66,843.90,284.59,240165.50,0,manual,
SCVAT_38304949C5B4383A,9,6,10_weapon_intact.png,326b2ca0def369beb7f8bfbaafb1c61c613436446b5dea24a1713630555e0468,engine_bay,engine_bay,structure,intact,no_visible_damage,409.57,614.98,1448.00,1086.00,1038.43,471.02,489121.30,0,manual,
SCVAT_7135A16238012309,9,7,10_weapon_intact.png,326b2ca0def369beb7f8bfbaafb1c61c613436446b5dea24a1713630555e0468,door,door,structure,intact,no_visible_damage,137.66,426.19,322.22,996.77,184.56,570.58,105306.24,0,manual,
SCVAT_D256958E65BAFDB9,9,8,10_weapon_intact.png,326b2ca0def369beb7f8bfbaafb1c61c613436446b5dea24a1713630555e0468,door,door,structure,intact,no_visible_damage,27.78,436.06,163.02,910.83,135.24,474.77,64207.89,0,manual,
SCVAT_2FEAD9553C513210,10,1,11_windshield_possible.png,97d3d2bcf648fd93130ee03db3cea553d2bb304f4d55f68ad67fcedd77f986de,wheel_tire,wheel_tire,mobility,intact,no_visible_damage,296.86,844.62,701.20,1086.00,404.34,241.38,97599.59,0,manual,
SCVAT_22C8E58A6C95256B,10,2,11_windshield_possible.png,97d3d2bcf648fd93130ee03db3cea553d2bb304f4d55f68ad67fcedd77f986de,windshield,windshield,structure,intact,no_visible_damage,351.81,158.52,1309.82,491.00,958.01,332.48,318519.16,0,manual,
SCVAT_7E4D5F40B899843A,10,3,11_windshield_possible.png,97d3d2bcf648fd93130ee03db3cea553d2bb304f4d55f68ad67fcedd77f986de,engine_bay,engine_bay,structure,intact,no_visible_damage,246.14,482.55,1448.00,1039.04,1201.86,556.49,668823.07,0,manual,
SCVAT_8202D4D2A890D701,10,4,11_windshield_possible.png,97d3d2bcf648fd93130ee03db3cea553d2bb304f4d55f68ad67fcedd77f986de,comms_equipment,comms_equipment,mission_equipment,intact,no_visible_damage,247.55,0.00,378.58,557.22,131.03,557.22,73012.54,0,manual,
SCVAT_BA126D913182E31A,10,5,11_windshield_possible.png,97d3d2bcf648fd93130ee03db3cea553d2bb304f4d55f68ad67fcedd77f986de,engine_bay,engine_bay,structure,intact,no_visible_damage,246.14,482.55,1448.00,1037.63,1201.86,555.08,667128.45,0,manual,
SCVAT_39D0FF294283CC71,10,6,11_windshield_possible.png,97d3d2bcf648fd93130ee03db3cea553d2bb304f4d55f68ad67fcedd77f986de,door,door,structure,intact,no_visible_damage,93.99,174.01,215.15,922.10,121.16,748.09,90638.58,0,manual,
SCVAT_6F04CD731A17573F,11,1,12_door_severe.png,1324e71db081f344728c884372cf4a1d940865e8e79ae62d4b410bc69ecfd230,door,door,structure,destroyed,severe_visible_damage,623.71,99.34,1171.75,846.03,548.04,746.69,409215.99,0,manual,
SCVAT_E3D9DCAA2E417CC8,11,2,12_door_severe.png,1324e71db081f344728c884372cf4a1d940865e8e79ae62d4b410bc69ecfd230,wheel_tire,wheel_tire,mobility,intact,no_visible_damage,63.00,578.35,482.83,1020.72,419.83,442.37,185720.20,0,manual,
SCVAT_C1EC482E9FAED0EB,11,3,12_door_severe.png,1324e71db081f344728c884372cf4a1d940865e8e79ae62d4b410bc69ecfd230,engine_bay,engine_bay,structure,intact,no_visible_damage,12.28,369.84,575.81,631.88,563.53,262.04,147667.40,0,manual,
SCVAT_A8D2E6F981D6DDB3,11,4,12_door_severe.png,1324e71db081f344728c884372cf4a1d940865e8e79ae62d4b410bc69ecfd230,door,door,structure,intact,no_visible_damage,1245.01,89.48,1448.00,882.66,202.99,793.18,161007.61,0,manual,
SCVAT_9D55BB8A79042CDA,12,1,13_wheel_possible.png,5833ccb3dc7a2abccd87880f29c2c3e82dab857402acdc8466bf83e8929e7d54,door,door,structure,intact,no_visible_damage,0.00,0.00,261.64,514.95,261.64,514.95,134731.52,0,manual,
SCVAT_61440E9CCC15C523,12,2,13_wheel_possible.png,5833ccb3dc7a2abccd87880f29c2c3e82dab857402acdc8466bf83e8929e7d54,wheel_tire,wheel_tire,mobility,degraded,possible_damage,443.38,357.16,1078.77,985.50,635.39,628.34,399240.95,0,manual,
SCVAT_5823B2BD2BFBF5D3,12,3,13_wheel_possible.png,5833ccb3dc7a2abccd87880f29c2c3e82dab857402acdc8466bf83e8929e7d54,windshield,windshield,structure,intact,no_visible_damage,325.04,2.13,842.08,148.65,517.04,146.52,75756.70,0,manual,
SCVAT_69FE5381B20D4F7A,12,4,13_wheel_possible.png,5833ccb3dc7a2abccd87880f29c2c3e82dab857402acdc8466bf83e8929e7d54,comms_equipment,comms_equipment,mission_equipment,intact,no_visible_damage,348.99,0.00,460.29,116.25,111.30,116.25,12938.63,0,manual,
SCVAT_909C5F3BFDD38195,12,5,13_wheel_possible.png,5833ccb3dc7a2abccd87880f29c2c3e82dab857402acdc8466bf83e8929e7d54,engine_bay,engine_bay,structure,intact,no_visible_damage,396.89,123.29,1333.80,451.55,936.91,328.26,307550.08,0,manual,
SCVAT_634FC6730F793550,13,1,14_engine_severe.png,2b3c545ce0a766677c998bb6891ff59219cf92d04dcf195c1ad79b4981cad6b7,engine_bay,engine_bay,structure,destroyed,severe_visible_damage,226.42,233.18,1448.00,791.08,1221.58,557.90,681519.48,0,manual,
SCVAT_2036D99BCDA8057B,13,2,14_engine_severe.png,2b3c545ce0a766677c998bb6891ff59219cf92d04dcf195c1ad79b4981cad6b7,wheel_tire,wheel_tire,mobility,intact,no_visible_damage,298.27,638.93,788.55,1086.00,490.28,447.07,219189.48,0,manual,
SCVAT_C97D7338B8A5BE62,13,3,14_engine_severe.png,2b3c545ce0a766677c998bb6891ff59219cf92d04dcf195c1ad79b4981cad6b7,door,door,structure,intact,no_visible_damage,0.00,4.95,191.20,629.07,191.20,624.12,119331.74,0,manual,
SCVAT_AF9141F0EFC71E68,13,4,14_engine_severe.png,2b3c545ce0a766677c998bb6891ff59219cf92d04dcf195c1ad79b4981cad6b7,windshield,windshield,structure,destroyed,severe_visible_damage,230.65,0.73,971.70,216.28,741.05,215.55,159733.33,0,manual,
SCVAT_2E165C33134F80EA,14,1,15_desert_comms_severe.png,776529cea95e61c94ac376432e5b0f68edd59193c2bc2ccdf9afa73fdf286bf4,windshield,windshield,structure,intact,no_visible_damage,526.99,468.61,736.29,674.12,209.30,205.51,43013.24,0,manual,
SCVAT_90839627EF4C4FF3,14,2,15_desert_comms_severe.png,776529cea95e61c94ac376432e5b0f68edd59193c2bc2ccdf9afa73fdf286bf4,engine_bay,engine_bay,structure,degraded,possible_damage,333.30,532.71,717.33,814.76,384.03,282.05,108315.66,0,manual,
SCVAT_73F667C949018AEF,14,3,15_desert_comms_severe.png,776529cea95e61c94ac376432e5b0f68edd59193c2bc2ccdf9afa73fdf286bf4,weapons_station,weapon_station,mission_equipment,destroyed,severe_visible_damage,621.45,304.57,981.54,529.46,360.09,224.89,80980.64,0,manual,
SCVAT_1E519B1D7326836B,14,4,15_desert_comms_severe.png,776529cea95e61c94ac376432e5b0f68edd59193c2bc2ccdf9afa73fdf286bf4,wheel_tire,wheel_tire,mobility,intact,no_visible_damage,510.82,765.14,649.09,925.04,138.27,159.90,22109.37,0,manual,
SCVAT_8046FDBE971B49F8,14,5,15_desert_comms_severe.png,776529cea95e61c94ac376432e5b0f68edd59193c2bc2ccdf9afa73fdf286bf4,wheel_tire,wheel_tire,mobility,intact,no_visible_damage,955.74,626.55,1075.03,761.54,119.29,134.99,16102.96,0,manual,
SCVAT_648F1167EEF6E837,14,6,15_desert_comms_severe.png,776529cea95e61c94ac376432e5b0f68edd59193c2bc2ccdf9afa73fdf286bf4,door,door,structure,degraded,possible_damage,737.19,594.44,875.82,791.68,138.63,197.24,27343.38,0,manual,
SCVAT_174CCC5DEC2344EA,14,7,15_desert_comms_severe.png,776529cea95e61c94ac376432e5b0f68edd59193c2bc2ccdf9afa73fdf286bf4,door,door,structure,degraded,possible_damage,868.00,564.29,1000.33,746.47,132.33,182.18,24107.88,0,manual,
SCVAT_03E08824A0DBCF72,15,1,16_forest_weapon_possible.png,be24425731dddfea42de7eabdf422a0436bc2308b013ea2653d5699ab00c74fc,door,door,structure,intact,no_visible_damage,836.70,541.46,929.74,709.46,93.04,168.00,15630.72,0,manual,
SCVAT_81CE945DBDFED442,15,2,16_forest_weapon_possible.png,be24425731dddfea42de7eabdf422a0436bc2308b013ea2653d5699ab00c74fc,door,door,structure,intact,no_visible_damage,938.99,464.70,1020.97,623.48,81.98,158.78,13016.78,0,manual,
SCVAT_B23D75EA198357AE,15,3,16_forest_weapon_possible.png,be24425731dddfea42de7eabdf422a0436bc2308b013ea2653d5699ab00c74fc,windshield,windshield,structure,intact,no_visible_damage,528.87,453.73,816.13,637.96,287.26,184.23,52921.91,0,manual,
SCVAT_8B9463D885A987FE,15,4,16_forest_weapon_possible.png,be24425731dddfea42de7eabdf422a0436bc2308b013ea2653d5699ab00c74fc,engine_bay,engine_bay,structure,intact,no_visible_damage,357.80,521.28,804.30,844.55,446.50,323.27,144340.05,0,manual,
SCVAT_C4241A4AA9B8A2AC,15,5,16_forest_weapon_possible.png,be24425731dddfea42de7eabdf422a0436bc2308b013ea2653d5699ab00c74fc,wheel_tire,wheel_tire,mobility,intact,no_visible_damage,607.78,767.35,755.60,949.82,147.82,182.47,26972.72,0,manual,
SCVAT_9619AFA698FE8BFD,15,6,16_forest_weapon_possible.png,be24425731dddfea42de7eabdf422a0436bc2308b013ea2653d5699ab00c74fc,wheel_tire,wheel_tire,mobility,intact,no_visible_damage,359.95,687.52,439.78,798.94,79.83,111.42,8894.66,0,manual,
SCVAT_1AA82191B0076BC4,15,7,16_forest_weapon_possible.png,be24425731dddfea42de7eabdf422a0436bc2308b013ea2653d5699ab00c74fc,wheel_tire,wheel_tire,mobility,intact,no_visible_damage,983.25,498.91,1077.55,649.80,94.30,150.89,14228.93,0,manual,
SCVAT_0EC61B07D8B26FAD,15,8,16_forest_weapon_possible.png,be24425731dddfea42de7eabdf422a0436bc2308b013ea2653d5699ab00c74fc,weapons_station,weapon_station,mission_equipment,intact,no_visible_damage,588.92,277.84,937.19,482.24,348.27,204.40,71186.39,0,manual,
SCVAT_AD0DF385F995D11A,16,1,17_snow_windshield_severe.png,9ccb41abad1a81358c0655271e5c955c358f1e1ad6eba3eaf9df5d5d2fdd6ef4,weapons_station,weapon_station,mission_equipment,intact,no_visible_damage,574.78,296.21,807.31,458.28,232.53,162.07,37686.14,0,manual,
SCVAT_23837CE8F1FD35E5,16,2,17_snow_windshield_severe.png,9ccb41abad1a81358c0655271e5c955c358f1e1ad6eba3eaf9df5d5d2fdd6ef4,wheel_tire,wheel_tire,mobility,intact,no_visible_damage,387.46,505.25,473.20,649.70,85.74,144.45,12385.14,0,manual,
SCVAT_8A1E86ABBEF6D84C,16,3,17_snow_windshield_severe.png,9ccb41abad1a81358c0655271e5c955c358f1e1ad6eba3eaf9df5d5d2fdd6ef4,wheel_tire,wheel_tire,mobility,intact,no_visible_damage,644.66,726.63,772.67,893.98,128.01,167.35,21422.47,0,manual,
SCVAT_C77DA8382127EAB9,16,4,17_snow_windshield_severe.png,9ccb41abad1a81358c0655271e5c955c358f1e1ad6eba3eaf9df5d5d2fdd6ef4,wheel_tire,wheel_tire,mobility,intact,no_visible_damage,959.34,725.46,1051.00,817.06,91.66,91.60,8396.06,0,manual,
SCVAT_22ED1F97B792787D,16,5,17_snow_windshield_severe.png,9ccb41abad1a81358c0655271e5c955c358f1e1ad6eba3eaf9df5d5d2fdd6ef4,windshield,windshield,structure,destroyed,severe_visible_damage,650.47,465.91,918.29,602.14,267.82,136.23,36485.12,0,manual,
SCVAT_78CA2AD219D17F2B,16,6,17_snow_windshield_severe.png,9ccb41abad1a81358c0655271e5c955c358f1e1ad6eba3eaf9df5d5d2fdd6ef4,engine_bay,engine_bay,structure,intact,no_visible_damage,629.33,553.99,1054.53,788.29,425.20,234.30,99624.36,0,manual,
SCVAT_DE6275E39E5C7465,16,7,17_snow_windshield_severe.png,9ccb41abad1a81358c0655271e5c955c358f1e1ad6eba3eaf9df5d5d2fdd6ef4,comms_equipment,comms_equipment,mission_equipment,intact,no_visible_damage,619.99,498.21,660.51,630.92,40.52,132.71,5377.41,0,manual,
SCVAT_9208C20A8A293990,16,8,17_snow_windshield_severe.png,9ccb41abad1a81358c0655271e5c955c358f1e1ad6eba3eaf9df5d5d2fdd6ef4,door,door,structure,degraded,possible_damage,517.28,479.24,600.53,715.83,83.25,236.59,19696.12,0,manual,
SCVAT_522A5517B073497B,16,9,17_snow_windshield_severe.png,9ccb41abad1a81358c0655271e5c955c358f1e1ad6eba3eaf9df5d5d2fdd6ef4,door,door,structure,intact,no_visible_damage,445.85,431.40,518.62,648.96,72.77,217.56,15831.84,0,manual,
SCVAT_8CCFB547CE92872D,17,1,18_urban_door_possible.png,88520506976900de46a50236220ef6e846168b2c790aa39a2d904a03488c21d3,door,door,structure,degraded,possible_damage,760.74,495.54,844.28,647.33,83.54,151.79,12680.54,0,manual,
SCVAT_33BEA461F6BA2951,17,2,18_urban_door_possible.png,88520506976900de46a50236220ef6e846168b2c790aa39a2d904a03488c21d3,door,door,structure,degraded,possible_damage,847.68,468.64,923.57,611.65,75.89,143.01,10853.03,0,manual,
SCVAT_FF0C82AF120F5153,17,3,18_urban_door_possible.png,88520506976900de46a50236220ef6e846168b2c790aa39a2d904a03488c21d3,windshield,windshield,structure,intact,no_visible_damage,604.71,451.65,747.43,557.28,142.72,105.63,15075.51,0,manual,
SCVAT_1A2192F2D1968F52,17,4,18_urban_door_possible.png,88520506976900de46a50236220ef6e846168b2c790aa39a2d904a03488c21d3,engine_bay,engine_bay,structure,intact,no_visible_damage,478.41,498.37,745.73,668.85,267.32,170.48,45572.71,0,manual,
SCVAT_B146E4931EA072FA,17,5,18_urban_door_possible.png,88520506976900de46a50236220ef6e846168b2c790aa39a2d904a03488c21d3,weapons_station,weapon_station,mission_equipment,intact,no_visible_damage,662.76,347.72,852.49,468.92,189.73,121.20,22995.28,0,manual,
SCVAT_EFDB6FE414FD51E8,17,6,18_urban_door_possible.png,88520506976900de46a50236220ef6e846168b2c790aa39a2d904a03488c21d3,comms_equipment,comms_equipment,mission_equipment,intact,no_visible_damage,581.77,430.98,608.39,514.52,26.62,83.54,2223.83,0,manual,
SCVAT_F070C5F1A1C90C44,17,7,18_urban_door_possible.png,88520506976900de46a50236220ef6e846168b2c790aa39a2d904a03488c21d3,wheel_tire,wheel_tire,mobility,intact,no_visible_damage,614.10,636.00,718.27,750.69,104.17,114.69,11947.26,0,manual,
SCVAT_684C2B98379CC3BF,17,8,18_urban_door_possible.png,88520506976900de46a50236220ef6e846168b2c790aa39a2d904a03488c21d3,wheel_tire,wheel_tire,mobility,intact,no_visible_damage,903.18,522.16,989.55,628.07,86.37,105.91,9147.45,0,manual,
SCVAT_5F528FA9C3296A47,17,9,18_urban_door_possible.png,88520506976900de46a50236220ef6e846168b2c790aa39a2d904a03488c21d3,wheel_tire,wheel_tire,mobility,intact,no_visible_damage,483.79,604.28,540.14,666.58,56.35,62.30,3510.61,0,manual,
SCVAT_7353E762DD39581A,18,1,19_farm_wheel_severe.png,893f24c92e63bc30731f0b16c2d955ad3812e6647e1e174b3faa6c58e53a16ff,wheel_tire,wheel_tire,mobility,destroyed,severe_visible_damage,508.89,717.42,671.29,879.32,162.40,161.90,26292.56,0,manual,
SCVAT_9A0A42B2267D25EA,18,2,19_farm_wheel_severe.png,893f24c92e63bc30731f0b16c2d955ad3812e6647e1e174b3faa6c58e53a16ff,wheel_tire,wheel_tire,mobility,intact,no_visible_damage,909.36,608.14,1016.71,734.43,107.35,126.29,13557.23,0,manual,
SCVAT_3D20BF6462AA828F,18,3,19_farm_wheel_severe.png,893f24c92e63bc30731f0b16c2d955ad3812e6647e1e174b3faa6c58e53a16ff,door,door,structure,intact,no_visible_damage,746.56,535.64,870.87,737.27,124.31,201.63,25064.63,0,manual,
SCVAT_4ECCFF69B2C13893,18,4,19_farm_wheel_severe.png,893f24c92e63bc30731f0b16c2d955ad3812e6647e1e174b3faa6c58e53a16ff,door,door,structure,intact,no_visible_damage,865.77,510.44,964.89,694.51,99.12,184.07,18245.02,0,manual,
SCVAT_2242C2E80853CCB2,18,5,19_farm_wheel_severe.png,893f24c92e63bc30731f0b16c2d955ad3812e6647e1e174b3faa6c58e53a16ff,windshield,windshield,structure,intact,no_visible_damage,537.28,462.01,745.14,612.10,207.86,150.09,31197.71,0,manual,
SCVAT_5F553FDA0E03001B,18,6,19_farm_wheel_severe.png,893f24c92e63bc30731f0b16c2d955ad3812e6647e1e174b3faa6c58e53a16ff,engine_bay,engine_bay,structure,intact,no_visible_damage,332.26,528.56,723.33,749.44,391.07,220.88,86379.54,0,manual,
SCVAT_860E4E5D137882CE,18,7,19_farm_wheel_severe.png,893f24c92e63bc30731f0b16c2d955ad3812e6647e1e174b3faa6c58e53a16ff,comms_equipment,comms_equipment,mission_equipment,intact,no_visible_damage,506.70,441.91,542.66,538.47,35.96,96.56,3472.30,0,manual,
SCVAT_92F0DF6022A55B29,18,8,19_farm_wheel_severe.png,893f24c92e63bc30731f0b16c2d955ad3812e6647e1e174b3faa6c58e53a16ff,weapons_station,weapon_station,mission_equipment,intact,no_visible_damage,612.61,352.71,881.63,500.81,269.02,148.10,39841.86,0,manual,
SCVAT_3EE21106795FF649,19,1,20_river_engine_unobservable.png,bfe31b935d8c4d95b72b4d24e730250ef6eac7ded2e941552c3148a0f73c0c60,weapons_station,weapon_station,mission_equipment,intact,no_visible_damage,556.67,255.36,757.13,422.01,200.46,166.65,33406.66,0,manual,
SCVAT_A85116EA2CA46A02,19,2,20_river_engine_unobservable.png,bfe31b935d8c4d95b72b4d24e730250ef6eac7ded2e941552c3148a0f73c0c60,wheel_tire,wheel_tire,mobility,intact,no_visible_damage,429.41,463.36,511.63,570.45,82.22,107.09,8804.94,0,manual,
SCVAT_8FB71C331121A3D5,19,3,20_river_engine_unobservable.png,bfe31b935d8c4d95b72b4d24e730250ef6eac7ded2e941552c3148a0f73c0c60,wheel_tire,wheel_tire,mobility,intact,no_visible_damage,700.93,631.86,810.55,752.64,109.62,120.78,13239.90,0,manual,
SCVAT_2271C98DA16B23D0,19,4,20_river_engine_unobservable.png,bfe31b935d8c4d95b72b4d24e730250ef6eac7ded2e941552c3148a0f73c0c60,wheel_tire,wheel_tire,mobility,unknown,unobservable,927.42,586.37,976.50,669.08,49.08,82.71,4059.41,0,manual,
SCVAT_D331136F036F05A3,19,5,20_river_engine_unobservable.png,bfe31b935d8c4d95b72b4d24e730250ef6eac7ded2e941552c3148a0f73c0c60,engine_bay,engine_bay,structure,destroyed,severe_visible_damage,675.99,506.40,986.10,683.09,310.11,176.69,54793.34,0,manual,
SCVAT_747B1362FB393FFA,19,6,20_river_engine_unobservable.png,bfe31b935d8c4d95b72b4d24e730250ef6eac7ded2e941552c3148a0f73c0c60,windshield,windshield,structure,intact,no_visible_damage,663.81,403.31,847.06,536.41,183.25,133.10,24390.57,0,manual,
SCVAT_AA2717BDDCF5EAE8,19,7,20_river_engine_unobservable.png,bfe31b935d8c4d95b72b4d24e730250ef6eac7ded2e941552c3148a0f73c0c60,comms_equipment,comms_equipment,mission_equipment,intact,no_visible_damage,674.60,463.91,706.88,564.16,32.28,100.25,3236.07,0,manual,
SCVAT_92F4EDFF2226F069,19,8,20_river_engine_unobservable.png,bfe31b935d8c4d95b72b4d24e730250ef6eac7ded2e941552c3148a0f73c0c60,door,door,structure,intact,no_visible_damage,564.16,450.60,652.51,630.71,88.35,180.11,15912.72,0,manual,
SCVAT_6DFFF6C05A2DBB78,19,9,20_river_engine_unobservable.png,bfe31b935d8c4d95b72b4d24e730250ef6eac7ded2e941552c3148a0f73c0c60,door,door,structure,intact,no_visible_damage,487.67,410.93,566.42,576.90,78.75,165.97,13070.14,0,manual,
SCVAT_19DCEE520907BD62,20,1,21_coastal_comms_possible.png,07bf86e341de56083f69c975700779eca1677de1b6c1fd711f3115b9e7b30162,wheel_tire,wheel_tire,mobility,intact,no_visible_damage,518.61,759.23,645.25,886.68,126.64,127.45,16140.27,0,manual,
SCVAT_B0DC48F8C687EFC4,20,2,21_coastal_comms_possible.png,07bf86e341de56083f69c975700779eca1677de1b6c1fd711f3115b9e7b30162,wheel_tire,wheel_tire,mobility,intact,no_visible_damage,904.61,634.50,1011.22,753.76,106.61,119.26,12714.31,0,manual,
SCVAT_289CFACCD336FA21,20,3,21_coastal_comms_possible.png,07bf86e341de56083f69c975700779eca1677de1b6c1fd711f3115b9e7b30162,windshield,windshield,structure,intact,no_visible_damage,549.66,530.72,690.76,670.92,141.10,140.20,19782.22,0,manual,
SCVAT_1C74B7E9B6AFB5A7,20,4,21_coastal_comms_possible.png,07bf86e341de56083f69c975700779eca1677de1b6c1fd711f3115b9e7b30162,engine_bay,engine_bay,structure,intact,no_visible_damage,385.79,579.88,689.85,792.91,304.06,213.03,64773.90,0,manual,
SCVAT_3E8E2EE389323EC5,20,5,21_coastal_comms_possible.png,07bf86e341de56083f69c975700779eca1677de1b6c1fd711f3115b9e7b30162,door,door,structure,intact,no_visible_damage,706.24,597.18,808.20,771.06,101.96,173.88,17728.80,0,manual,
SCVAT_D3A516C274713B14,20,6,21_coastal_comms_possible.png,07bf86e341de56083f69c975700779eca1677de1b6c1fd711f3115b9e7b30162,door,door,structure,intact,no_visible_damage,812.76,564.40,922.00,733.73,109.24,169.33,18497.61,0,manual,
SCVAT_E40AF3EB4F24A14C,21,1,22_grass_weapon_severe.png,628d27c6453460491f6a485d0fbd9a8e8426dd4110754466268feda1f621d33b,door,door,structure,intact,no_visible_damage,872.21,465.26,953.68,634.22,81.47,168.96,13765.17,0,manual,
SCVAT_8FB1CAD0798A6DA1,21,2,22_grass_weapon_severe.png,628d27c6453460491f6a485d0fbd9a8e8426dd4110754466268feda1f621d33b,door,door,structure,intact,no_visible_damage,952.82,420.58,1024.00,572.47,71.18,151.89,10811.53,0,manual,
SCVAT_94A6142790661F8D,21,3,22_grass_weapon_severe.png,628d27c6453460491f6a485d0fbd9a8e8426dd4110754466268feda1f621d33b,windshield,windshield,structure,degraded,possible_damage,617.49,383.79,870.49,545.88,253.00,162.09,41008.77,0,manual,
SCVAT_2453EA751261A663,21,4,22_grass_weapon_severe.png,628d27c6453460491f6a485d0fbd9a8e8426dd4110754466268feda1f621d33b,engine_bay,engine_bay,structure,intact,no_visible_damage,460.55,449.83,855.91,702.82,395.36,252.99,100022.13,0,manual,
SCVAT_2BB543E74ACD4F9C,21,5,22_grass_weapon_severe.png,628d27c6453460491f6a485d0fbd9a8e8426dd4110754466268feda1f621d33b,weapons_station,weapon_station,mission_equipment,destroyed,severe_visible_damage,684.39,231.99,988.84,417.24,304.45,185.25,56399.36,0,manual,
SCVAT_6173697C843836EF,21,6,22_grass_weapon_severe.png,628d27c6453460491f6a485d0fbd9a8e8426dd4110754466268feda1f621d33b,wheel_tire,wheel_tire,mobility,unknown,unobservable,684.30,649.65,809.60,789.44,125.30,139.79,17515.69,0,manual,
SCVAT_61E273165542F209,21,7,22_grass_weapon_severe.png,628d27c6453460491f6a485d0fbd9a8e8426dd4110754466268feda1f621d33b,wheel_tire,wheel_tire,mobility,unknown,unobservable,979.32,488.42,1036.87,577.61,57.55,89.19,5132.88,0,manual,
SCVAT_9F0145E26D4F245C,21,8,22_grass_weapon_severe.png,628d27c6453460491f6a485d0fbd9a8e8426dd4110754466268feda1f621d33b,wheel_tire,wheel_tire,mobility,unknown,unobservable,450.26,565.61,504.29,664.23,54.03,98.62,5328.44,0,manual,
SCVAT_C0325403652BD877,21,9,22_grass_weapon_severe.png,628d27c6453460491f6a485d0fbd9a8e8426dd4110754466268feda1f621d33b,comms_equipment,comms_equipment,mission_equipment,intact,no_visible_damage,596.05,355.49,633.79,459.26,37.74,103.77,3916.28,0,manual,
SCVAT_C6B43BB51AD4A8BC,22,1,23_mountain_wheel_possible.png,67c4878885ae54a5450efd9661a45fb204e144bb3e1a38de7c4ee564816a10b6,comms_equipment,comms_equipment,mission_equipment,intact,no_visible_damage,641.01,395.88,668.30,475.43,27.29,79.55,2170.92,0,manual,
SCVAT_6559FAA5F776B55F,22,2,23_mountain_wheel_possible.png,67c4878885ae54a5450efd9661a45fb204e144bb3e1a38de7c4ee564816a10b6,engine_bay,engine_bay,structure,degraded,possible_damage,501.79,462.02,864.40,681.25,362.61,219.23,79494.99,0,manual,
SCVAT_79283D0989DEA0A8,22,3,23_mountain_wheel_possible.png,67c4878885ae54a5450efd9661a45fb204e144bb3e1a38de7c4ee564816a10b6,windshield,windshield,structure,intact,no_visible_damage,658.70,412.03,866.76,546.60,208.06,134.57,27998.63,0,manual,
SCVAT_B6FD853F2442315E,22,4,23_mountain_wheel_possible.png,67c4878885ae54a5450efd9661a45fb204e144bb3e1a38de7c4ee564816a10b6,weapons_station,weapon_station,mission_equipment,intact,no_visible_damage,709.24,295.04,975.34,431.14,266.10,136.10,36216.21,0,manual,
SCVAT_A22551F2166EF663,22,5,23_mountain_wheel_possible.png,67c4878885ae54a5450efd9661a45fb204e144bb3e1a38de7c4ee564816a10b6,wheel_tire,wheel_tire,mobility,degraded,possible_damage,705.34,633.01,830.82,771.41,125.48,138.40,17366.43,0,manual,
SCVAT_554B11BE9D9F8BDE,22,6,23_mountain_wheel_possible.png,67c4878885ae54a5450efd9661a45fb204e144bb3e1a38de7c4ee564816a10b6,wheel_tire,wheel_tire,mobility,unknown,unobservable,499.73,569.54,578.49,663.59,78.76,94.05,7407.38,0,manual,
SCVAT_E5A868E231AD73FF,22,7,23_mountain_wheel_possible.png,67c4878885ae54a5450efd9661a45fb204e144bb3e1a38de7c4ee564816a10b6,wheel_tire,wheel_tire,mobility,intact,no_visible_damage,992.08,487.73,1068.62,597.07,76.54,109.34,8368.88,0,manual,
SCVAT_77B4208AA58A1A3D,22,8,23_mountain_wheel_possible.png,67c4878885ae54a5450efd9661a45fb204e144bb3e1a38de7c4ee564816a10b6,door,door,structure,intact,no_visible_damage,875.93,470.14,962.34,635.30,86.41,165.16,14271.48,0,manual,
SCVAT_9BD9F818FE85436A,22,9,23_mountain_wheel_possible.png,67c4878885ae54a5450efd9661a45fb204e144bb3e1a38de7c4ee564816a10b6,door,door,structure,intact,no_visible_damage,951.63,433.44,1034.98,589.42,83.35,155.98,13000.93,0,manual,
SCVAT_35E7DD09F2CECDD5,23,1,24_urban_wreck_mixed.png,e0c7f19fd8053f28c300f1a61015261d5b3e6f4d53af8a0e99d3fda2f173ea37,door,door,structure,intact,no_visible_damage,732.98,576.47,847.32,754.06,114.34,177.59,20305.64,0,manual,
SCVAT_389E500494840758,23,2,24_urban_wreck_mixed.png,e0c7f19fd8053f28c300f1a61015261d5b3e6f4d53af8a0e99d3fda2f173ea37,door,door,structure,destroyed,severe_visible_damage,843.26,547.27,942.20,706.22,98.94,158.95,15726.51,0,manual,
SCVAT_8C900EEA46D363BB,23,3,24_urban_wreck_mixed.png,e0c7f19fd8053f28c300f1a61015261d5b3e6f4d53af8a0e99d3fda2f173ea37,windshield,windshield,structure,intact,no_visible_damage,562.68,445.91,725.68,647.83,163.00,201.92,32912.96,0,manual,
SCVAT_7EB143A25E6E6FE8,23,4,24_urban_wreck_mixed.png,e0c7f19fd8053f28c300f1a61015261d5b3e6f4d53af8a0e99d3fda2f173ea37,wheel_tire,wheel_tire,mobility,intact,no_visible_damage,530.24,739.46,663.24,875.70,133.00,136.24,18119.92,0,manual,
SCVAT_A021D607658799C1,23,5,24_urban_wreck_mixed.png,e0c7f19fd8053f28c300f1a61015261d5b3e6f4d53af8a0e99d3fda2f173ea37,wheel_tire,wheel_tire,mobility,intact,no_visible_damage,911.38,613.77,1028.16,732.98,116.78,119.21,13921.34,0,manual,
SCVAT_4A20DB2076E1F8E3,23,6,24_urban_wreck_mixed.png,e0c7f19fd8053f28c300f1a61015261d5b3e6f4d53af8a0e99d3fda2f173ea37,engine_bay,engine_bay,structure,degraded,possible_damage,385.09,502.67,711.89,787.31,326.80,284.64,93020.35,0,manual,
SCVAT_74597CD9BADDD576,23,7,24_urban_wreck_mixed.png,e0c7f19fd8053f28c300f1a61015261d5b3e6f4d53af8a0e99d3fda2f173ea37,weapons_station,weapon_station,mission_equipment,destroyed,severe_visible_damage,674.59,297.51,908.14,507.54,233.55,210.03,49052.51,0,manual,
SCVAT_64B0680E890489C6,24,1,25_comms_severe_muddy.png,4145c6f4cba08170959db20e07b3c34c9b76f967071044685812ea0c03586408,weapons_station,weapon_station,mission_equipment,destroyed,severe_visible_damage,711.99,317.09,938.98,515.15,226.99,198.06,44957.64,0,manual,
SCVAT_3C560AE9777BB6C1,24,2,25_comms_severe_muddy.png,4145c6f4cba08170959db20e07b3c34c9b76f967071044685812ea0c03586408,wheel_tire,wheel_tire,mobility,degraded,possible_damage,954.38,555.41,1050.19,663.13,95.81,107.72,10320.65,0,manual,
SCVAT_E7540BDE8C7CC5E4,24,3,25_comms_severe_muddy.png,4145c6f4cba08170959db20e07b3c34c9b76f967071044685812ea0c03586408,wheel_tire,wheel_tire,mobility,degraded,possible_damage,598.91,716.39,722.25,841.46,123.34,125.07,15426.13,0,manual,
SCVAT_2624790D0808A3AD,24,4,25_comms_severe_muddy.png,4145c6f4cba08170959db20e07b3c34c9b76f967071044685812ea0c03586408,windshield,windshield,structure,degraded,possible_damage,588.80,464.45,766.54,618.24,177.74,153.79,27334.63,0,manual,
SCVAT_CFBA8303FF23074B,24,5,25_comms_severe_muddy.png,4145c6f4cba08170959db20e07b3c34c9b76f967071044685812ea0c03586408,engine_bay,engine_bay,structure,degraded,possible_damage,435.60,526.68,768.33,779.82,332.73,253.14,84227.27,0,manual,
SCVAT_55911320F5E1FF08,24,6,25_comms_severe_muddy.png,4145c6f4cba08170959db20e07b3c34c9b76f967071044685812ea0c03586408,comms_equipment,comms_equipment,mission_equipment,intact,no_visible_damage,560.08,444.10,592.39,539.25,32.31,95.15,3074.30,0,manual,
SCVAT_2519D19F8D820CB2,24,7,25_comms_severe_muddy.png,4145c6f4cba08170959db20e07b3c34c9b76f967071044685812ea0c03586408,door,door,structure,degraded,possible_damage,872.46,509.33,972.40,651.16,99.94,141.83,14174.49,0,manual,
SCVAT_D24F88A0140BA004,25,1,26_comms_possible_highway.png,ce63561a70351f746e51e70c2a51074febd07c6ad555776cd40d7be6da59827c,door,door,structure,intact,no_visible_damage,591.86,466.17,653.65,587.32,61.79,121.15,7485.86,0,manual,
SCVAT_FBE856BD4D787A96,25,2,26_comms_possible_highway.png,ce63561a70351f746e51e70c2a51074febd07c6ad555776cd40d7be6da59827c,door,door,structure,intact,no_visible_damage,649.41,492.76,706.95,617.61,57.54,124.85,7183.87,0,manual,
SCVAT_7FFCF4661263F1B7,25,3,26_comms_possible_highway.png,ce63561a70351f746e51e70c2a51074febd07c6ad555776cd40d7be6da59827c,windshield,windshield,structure,intact,no_visible_damage,734.21,480.71,845.67,547.95,111.46,67.24,7494.57,0,manual,
SCVAT_569F2AC09856F56A,25,4,26_comms_possible_highway.png,ce63561a70351f746e51e70c2a51074febd07c6ad555776cd40d7be6da59827c,engine_bay,engine_bay,structure,intact,no_visible_damage,721.49,527.96,927.45,650.32,205.96,122.36,25201.27,0,manual,
SCVAT_C4EC0CC3CA9E4223,25,5,26_comms_possible_highway.png,ce63561a70351f746e51e70c2a51074febd07c6ad555776cd40d7be6da59827c,wheel_tire,wheel_tire,mobility,intact,no_visible_damage,537.34,518.26,603.40,604.28,66.06,86.02,5682.48,0,manual,
SCVAT_425B6720777CBEAF,25,6,26_comms_possible_highway.png,ce63561a70351f746e51e70c2a51074febd07c6ad555776cd40d7be6da59827c,wheel_tire,wheel_tire,mobility,intact,no_visible_damage,731.79,622.39,803.27,713.92,71.48,91.53,6542.56,0,manual,
SCVAT_3440062C9E8C1DCD,25,7,26_comms_possible_highway.png,ce63561a70351f746e51e70c2a51074febd07c6ad555776cd40d7be6da59827c,wheel_tire,wheel_tire,mobility,unknown,unobservable,872.93,622.45,923.21,674.55,50.28,52.10,2619.59,0,manual,
SCVAT_19BD652293998543,26,1,27_comms_severe_snow.png,9bbff446df2c80af6c814a2d993830a9c3695a2c0f5e47fca10a5d89145cafde,wheel_tire,wheel_tire,mobility,intact,no_visible_damage,562.10,673.52,680.78,800.99,118.68,127.47,15128.14,0,manual,
SCVAT_04B009F6993CFB01,26,2,27_comms_severe_snow.png,9bbff446df2c80af6c814a2d993830a9c3695a2c0f5e47fca10a5d89145cafde,wheel_tire,wheel_tire,mobility,degraded,possible_damage,955.50,614.18,1074.18,720.77,118.68,106.59,12650.10,0,manual,
SCVAT_00BE7702BB1237E1,26,3,27_comms_severe_snow.png,9bbff446df2c80af6c814a2d993830a9c3695a2c0f5e47fca10a5d89145cafde,windshield,windshield,structure,destroyed,severe_visible_damage,624.70,428.50,755.50,597.70,130.80,169.20,22131.36,0,manual,
SCVAT_5ACBAF34EE7C38E6,26,4,27_comms_severe_snow.png,9bbff446df2c80af6c814a2d993830a9c3695a2c0f5e47fca10a5d89145cafde,engine_bay,engine_bay,structure,degraded,possible_damage,454.40,485.61,735.72,700.99,281.32,215.38,60590.70,0,manual,
SCVAT_4172ED33651FEC99,26,5,27_comms_severe_snow.png,9bbff446df2c80af6c814a2d993830a9c3695a2c0f5e47fca10a5d89145cafde,weapons_station,weapon_station,mission_equipment,destroyed,severe_visible_damage,766.49,219.68,930.22,515.28,163.73,295.60,48398.59,0,manual,
SCVAT_B86384A3E1AB2B0D,26,6,27_comms_severe_snow.png,9bbff446df2c80af6c814a2d993830a9c3695a2c0f5e47fca10a5d89145cafde,door,door,structure,intact,no_visible_damage,744.51,561.44,848.91,740.55,104.40,179.11,18699.08,0,manual,
SCVAT_F00F7B6DA585E58C,26,7,27_comms_severe_snow.png,9bbff446df2c80af6c814a2d993830a9c3695a2c0f5e47fca10a5d89145cafde,door,door,structure,intact,no_visible_damage,866.49,530.67,995.06,692.20,128.57,161.53,20767.91,0,manual,
SCVAT_C2125A6906697A96,27,1,28_comms_intact_training.png,80279668f108cf1249ac308c096d7275407c4a9e584b0f5fefcddcfb751eee79,door,door,structure,intact,no_visible_damage,595.06,503.20,674.18,687.81,79.12,184.61,14606.34,0,manual,
SCVAT_20B99AA5B913D429,27,2,28_comms_intact_training.png,80279668f108cf1249ac308c096d7275407c4a9e584b0f5fefcddcfb751eee79,door,door,structure,intact,no_visible_damage,510.45,464.73,599.46,635.06,89.01,170.33,15161.07,0,manual,
SCVAT_D3A21BDA08310C1C,27,3,28_comms_intact_training.png,80279668f108cf1249ac308c096d7275407c4a9e584b0f5fefcddcfb751eee79,windshield,windshield,structure,intact,no_visible_damage,708.25,486.71,890.66,593.30,182.41,106.59,19443.08,0,manual,
SCVAT_C0713B27BFBE0AAA,27,4,28_comms_intact_training.png,80279668f108cf1249ac308c096d7275407c4a9e584b0f5fefcddcfb751eee79,wheel_tire,wheel_tire,mobility,intact,no_visible_damage,436.82,526.27,523.63,646.05,86.81,119.78,10398.10,0,manual,
SCVAT_B2E53C1504B75ED6,27,5,28_comms_intact_training.png,80279668f108cf1249ac308c096d7275407c4a9e584b0f5fefcddcfb751eee79,wheel_tire,wheel_tire,mobility,intact,no_visible_damage,711.54,679.02,814.84,802.09,103.30,123.07,12713.13,0,manual,
SCVAT_6F14A103CEDA64CC,27,6,28_comms_intact_training.png,80279668f108cf1249ac308c096d7275407c4a9e584b0f5fefcddcfb751eee79,wheel_tire,wheel_tire,mobility,unknown,unobservable,919.23,651.54,991.76,746.05,72.53,94.51,6854.81,0,manual,
SCVAT_1861ED513B2E21C8,27,7,28_comms_intact_training.png,80279668f108cf1249ac308c096d7275407c4a9e584b0f5fefcddcfb751eee79,engine_bay,engine_bay,structure,intact,no_visible_damage,696.16,547.15,992.86,716.38,296.70,169.23,50210.54,0,manual,
SCVAT_6CF496BA8B4B1A31,27,8,28_comms_intact_training.png,80279668f108cf1249ac308c096d7275407c4a9e584b0f5fefcddcfb751eee79,comms_equipment,comms_equipment,mission_equipment,intact,no_visible_damage,686.87,537.35,711.33,624.60,24.46,87.25,2134.14,0,manual,
SCVAT_CD5187E3127D69FC,28,1,29_weapon_severe_rubble.png,d725a51ca456822bed99d097bd3b95bee5192840d279c9a81c82887c6ba7f0aa,comms_equipment,comms_equipment,mission_equipment,intact,no_visible_damage,739.19,536.86,767.91,636.20,28.72,99.34,2853.04,0,manual,
SCVAT_7841C81E0D13253D,28,2,29_weapon_severe_rubble.png,d725a51ca456822bed99d097bd3b95bee5192840d279c9a81c82887c6ba7f0aa,windshield,windshield,structure,destroyed,severe_visible_damage,763.12,466.24,923.51,605.08,160.39,138.84,22268.55,0,manual,
SCVAT_2479A932F10869A3,28,3,29_weapon_severe_rubble.png,d725a51ca456822bed99d097bd3b95bee5192840d279c9a81c82887c6ba7f0aa,engine_bay,engine_bay,structure,intact,no_visible_damage,751.16,529.68,1044.39,746.91,293.23,217.23,63698.35,0,manual,
SCVAT_6E3512159548D97D,28,4,29_weapon_severe_rubble.png,d725a51ca456822bed99d097bd3b95bee5192840d279c9a81c82887c6ba7f0aa,weapons_station,weapon_station,mission_equipment,destroyed,severe_visible_damage,521.00,313.32,835.38,483.24,314.38,169.92,53419.45,0,manual,
SCVAT_CB537285618BB7DF,28,5,29_weapon_severe_rubble.png,d725a51ca456822bed99d097bd3b95bee5192840d279c9a81c82887c6ba7f0aa,wheel_tire,wheel_tire,mobility,intact,no_visible_damage,442.20,521.00,537.41,630.99,95.21,109.99,10472.15,0,manual,
SCVAT_9114814FADFE05BF,28,6,29_weapon_severe_rubble.png,d725a51ca456822bed99d097bd3b95bee5192840d279c9a81c82887c6ba7f0aa,wheel_tire,wheel_tire,mobility,intact,no_visible_damage,768.07,699.12,882.17,822.25,114.10,123.13,14049.13,0,manual,
SCVAT_8CD65F496832FF77,28,7,29_weapon_severe_rubble.png,d725a51ca456822bed99d097bd3b95bee5192840d279c9a81c82887c6ba7f0aa,door,door,structure,intact,no_visible_damage,536.59,486.52,626.89,644.95,90.30,158.43,14306.23,0,manual,
SCVAT_2FD11C248C6A5046,28,8,29_weapon_severe_rubble.png,d725a51ca456822bed99d097bd3b95bee5192840d279c9a81c82887c6ba7f0aa,door,door,structure,degraded,possible_damage,629.35,523.46,721.28,700.76,91.93,177.30,16299.19,0,manual,
SCVAT_59D3AC155D4B98A3,29,1,30_weapon_severe_field.png,0557d455d36d49b181b0b2d39e60da21cf2629c44c4b76c494963ba1ad7948da,door,door,structure,degraded,possible_damage,783.15,557.48,880.66,700.00,97.51,142.52,13897.13,0,manual,
SCVAT_9E17D408EDA070BC,29,2,30_weapon_severe_field.png,0557d455d36d49b181b0b2d39e60da21cf2629c44c4b76c494963ba1ad7948da,door,door,structure,degraded,possible_damage,696.60,590.37,779.69,733.47,83.09,143.10,11890.18,0,manual,
SCVAT_65C40B4A67AA6150,29,3,30_weapon_severe_field.png,0557d455d36d49b181b0b2d39e60da21cf2629c44c4b76c494963ba1ad7948da,wheel_tire,wheel_tire,mobility,degraded,possible_damage,545.36,725.97,641.21,818.86,95.85,92.89,8903.51,0,manual,
SCVAT_F5DCD1BC886B8A32,29,4,30_weapon_severe_field.png,0557d455d36d49b181b0b2d39e60da21cf2629c44c4b76c494963ba1ad7948da,wheel_tire,wheel_tire,mobility,intact,no_visible_damage,864.45,605.95,953.94,695.39,89.49,89.44,8003.99,0,manual,
SCVAT_083B36ABD76BB2C5,29,5,30_weapon_severe_field.png,0557d455d36d49b181b0b2d39e60da21cf2629c44c4b76c494963ba1ad7948da,windshield,windshield,structure,destroyed,severe_visible_damage,543.11,509.01,685.06,650.38,141.95,141.37,20067.47,0,manual,
SCVAT_006C441CC662C570,29,6,30_weapon_severe_field.png,0557d455d36d49b181b0b2d39e60da21cf2629c44c4b76c494963ba1ad7948da,engine_bay,engine_bay,structure,intact,no_visible_damage,420.79,561.52,678.71,752.51,257.92,190.99,49260.14,0,manual,
SCVAT_F4A6D2BC4C6DFDC0,29,7,30_weapon_severe_field.png,0557d455d36d49b181b0b2d39e60da21cf2629c44c4b76c494963ba1ad7948da,weapons_station,weapon_station,mission_equipment,destroyed,severe_visible_damage,670.06,323.22,801.61,542.48,131.55,219.26,28843.65,0,manual,
SCVAT_C47DC6E6863CFA4F,30,1,31_weapon_possible_sand.png,7d7c6704c8fd3521ce8142574e958a36c6ff52071d8e2c1dc5621d25c66c7685,weapons_station,weapon_station,mission_equipment,intact,no_visible_damage,600.59,331.71,869.01,463.03,268.42,131.32,35248.91,0,manual,
SCVAT_838C068A811B2963,30,2,31_weapon_possible_sand.png,7d7c6704c8fd3521ce8142574e958a36c6ff52071d8e2c1dc5621d25c66c7685,windshield,windshield,structure,intact,no_visible_damage,612.82,434.70,735.12,554.43,122.30,119.73,14642.98,0,manual,
SCVAT_E06B1A674F309C81,30,3,31_weapon_possible_sand.png,7d7c6704c8fd3521ce8142574e958a36c6ff52071d8e2c1dc5621d25c66c7685,engine_bay,engine_bay,structure,intact,no_visible_damage,497.59,488.78,729.33,636.83,231.74,148.05,34309.11,0,manual,
SCVAT_4A263612127D1C12,30,4,31_weapon_possible_sand.png,7d7c6704c8fd3521ce8142574e958a36c6ff52071d8e2c1dc5621d25c66c7685,comms_equipment,comms_equipment,mission_equipment,intact,no_visible_damage,583.21,425.05,608.96,495.86,25.75,70.81,1823.36,0,manual,
SCVAT_75BDBBAD3E4FA737,30,5,31_weapon_possible_sand.png,7d7c6704c8fd3521ce8142574e958a36c6ff52071d8e2c1dc5621d25c66c7685,door,door,structure,intact,no_visible_damage,745.89,497.70,832.91,630.17,87.02,132.47,11527.54,0,manual,
SCVAT_7F26706CBF92C8CD,30,6,31_weapon_possible_sand.png,7d7c6704c8fd3521ce8142574e958a36c6ff52071d8e2c1dc5621d25c66c7685,door,door,structure,intact,no_visible_damage,840.62,470.31,918.32,602.58,77.70,132.27,10277.38,0,manual,
SCVAT_D8A33FF46622B74E,30,7,31_weapon_possible_sand.png,7d7c6704c8fd3521ce8142574e958a36c6ff52071d8e2c1dc5621d25c66c7685,wheel_tire,wheel_tire,mobility,intact,no_visible_damage,920.41,518.68,1013.91,618.08,93.50,99.40,9293.90,0,manual,
SCVAT_95654EF0DBEE3D6D,30,8,31_weapon_possible_sand.png,7d7c6704c8fd3521ce8142574e958a36c6ff52071d8e2c1dc5621d25c66c7685,wheel_tire,wheel_tire,mobility,intact,no_visible_damage,591.98,610.43,698.37,714.06,106.39,103.63,11025.20,0,manual,
SCVAT_E1DEA471B62372E2,31,1,32_windshield_severe_rain.png,b5e24e4b4aac1d72a242804aeb3cdecf7c47a6e5a799e6576d98de35b9199896,windshield,windshield,structure,destroyed,severe_visible_damage,710.19,542.36,884.39,639.94,174.20,97.58,16998.44,0,manual,
SCVAT_8A401297BA77711A,31,2,32_windshield_severe_rain.png,b5e24e4b4aac1d72a242804aeb3cdecf7c47a6e5a799e6576d98de35b9199896,engine_bay,engine_bay,structure,intact,no_visible_damage,708.39,599.23,969.39,753.98,261.00,154.75,40389.75,0,manual,
SCVAT_687E245AF378E737,31,3,32_windshield_severe_rain.png,b5e24e4b4aac1d72a242804aeb3cdecf7c47a6e5a799e6576d98de35b9199896,weapons_station,weapon_station,mission_equipment,degraded,possible_damage,663.09,434.48,806.71,547.69,143.62,113.21,16259.22,0,manual,
SCVAT_280C8123E3848337,31,4,32_windshield_severe_rain.png,b5e24e4b4aac1d72a242804aeb3cdecf7c47a6e5a799e6576d98de35b9199896,door,door,structure,intact,no_visible_damage,625.20,545.24,686.52,679.10,61.32,133.86,8208.30,0,manual,
SCVAT_0E99D0A48429EE5A,31,5,32_windshield_severe_rain.png,b5e24e4b4aac1d72a242804aeb3cdecf7c47a6e5a799e6576d98de35b9199896,door,door,structure,intact,no_visible_damage,575.32,503.44,627.90,645.22,52.58,141.78,7454.79,0,manual,
SCVAT_31E276985E992C72,31,6,32_windshield_severe_rain.png,b5e24e4b4aac1d72a242804aeb3cdecf7c47a6e5a799e6576d98de35b9199896,wheel_tire,wheel_tire,mobility,intact,no_visible_damage,718.54,700.74,811.35,818.40,92.81,117.66,10920.02,0,manual,
SCVAT_46D3E28F01ED7252,31,7,32_windshield_severe_rain.png,b5e24e4b4aac1d72a242804aeb3cdecf7c47a6e5a799e6576d98de35b9199896,wheel_tire,wheel_tire,mobility,intact,no_visible_damage,527.87,543.79,585.55,637.67,57.68,93.88,5415.00,0,manual,
SCVAT_F54EFE47F9FB5F9F,32,1,33_door_possible_grass.png,db75334129980208d8d53b3d436919c1a6da0c9d00448dd9df2704622a70cd85,wheel_tire,wheel_tire,mobility,intact,no_visible_damage,558.84,592.01,666.87,701.00,108.03,108.99,11774.19,0,manual,
SCVAT_575A48118A38F841,32,2,33_door_possible_grass.png,db75334129980208d8d53b3d436919c1a6da0c9d00448dd9df2704622a70cd85,wheel_tire,wheel_tire,mobility,intact,no_visible_damage,887.67,477.35,985.27,579.69,97.60,102.34,9988.38,0,manual,
SCVAT_C04126730D539785,32,3,33_door_possible_grass.png,db75334129980208d8d53b3d436919c1a6da0c9d00448dd9df2704622a70cd85,door,door,structure,degraded,possible_damage,709.94,456.79,804.88,605.40,94.94,148.61,14109.03,0,manual,
SCVAT_206AD698530E3B92,32,4,33_door_possible_grass.png,db75334129980208d8d53b3d436919c1a6da0c9d00448dd9df2704622a70cd85,door,door,structure,intact,no_visible_damage,797.83,424.73,895.70,571.71,97.87,146.98,14384.93,0,manual,
SCVAT_76D77925F79B3E58,32,5,33_door_possible_grass.png,db75334129980208d8d53b3d436919c1a6da0c9d00448dd9df2704622a70cd85,engine_bay,engine_bay,structure,intact,no_visible_damage,431.19,453.52,696.89,624.88,265.70,171.36,45530.35,0,manual,
SCVAT_17AB460B324CBCC0,32,6,33_door_possible_grass.png,db75334129980208d8d53b3d436919c1a6da0c9d00448dd9df2704622a70cd85,windshield,windshield,structure,intact,no_visible_damage,558.69,404.56,699.44,520.64,140.75,116.08,16338.26,0,manual,
SCVAT_D0ACF7898585A1B2,32,7,33_door_possible_grass.png,db75334129980208d8d53b3d436919c1a6da0c9d00448dd9df2704622a70cd85,comms_equipment,comms_equipment,mission_equipment,intact,no_visible_damage,539.11,394.40,562.32,463.69,23.21,69.29,1608.22,0,manual,
SCVAT_DF5A3031F9EC8D63,32,8,33_door_possible_grass.png,db75334129980208d8d53b3d436919c1a6da0c9d00448dd9df2704622a70cd85,weapons_station,weapon_station,mission_equipment,intact,no_visible_damage,580.86,292.87,802.08,420.63,221.22,127.76,28263.07,0,manual,
SCVAT_DF13025F90E3ABE4,33,1,34_wheel_severe_mud.png,ef2ce117a05b8aada43b56744e87f647ae411e2c4028490cdd31057e61c57d9a,wheel_tire,wheel_tire,mobility,destroyed,severe_visible_damage,867.36,616.83,1016.29,761.19,148.93,144.36,21499.53,0,manual,
SCVAT_FBB59017980CFB65,33,2,34_wheel_severe_mud.png,ef2ce117a05b8aada43b56744e87f647ae411e2c4028490cdd31057e61c57d9a,wheel_tire,wheel_tire,mobility,intact,no_visible_damage,492.57,390.40,606.41,520.17,113.84,129.77,14773.02,0,manual,
SCVAT_3862F0842EE6BCDC,33,3,34_wheel_severe_mud.png,ef2ce117a05b8aada43b56744e87f647ae411e2c4028490cdd31057e61c57d9a,door,door,structure,degraded,possible_damage,711.17,389.49,847.17,603.21,136.00,213.72,29065.92,0,manual,
SCVAT_C8188EAAE2A066E8,33,4,34_wheel_severe_mud.png,ef2ce117a05b8aada43b56744e87f647ae411e2c4028490cdd31057e61c57d9a,door,door,structure,intact,no_visible_damage,612.37,332.82,739.48,537.71,127.11,204.89,26043.57,0,manual,
SCVAT_FC81CCD3A1A85658,33,5,34_wheel_severe_mud.png,ef2ce117a05b8aada43b56744e87f647ae411e2c4028490cdd31057e61c57d9a,weapons_station,weapon_station,mission_equipment,intact,no_visible_damage,744.48,232.40,1018.14,393.38,273.66,160.98,44053.79,0,manual,
SCVAT_43B48B469ABD9387,33,6,34_wheel_severe_mud.png,ef2ce117a05b8aada43b56744e87f647ae411e2c4028490cdd31057e61c57d9a,windshield,windshield,structure,intact,no_visible_damage,857.16,380.06,1041.46,498.85,184.30,118.79,21893.00,0,manual,
SCVAT_60EAEEE80540BCF3,33,7,34_wheel_severe_mud.png,ef2ce117a05b8aada43b56744e87f647ae411e2c4028490cdd31057e61c57d9a,engine_bay,engine_bay,structure,intact,no_visible_damage,872.71,442.23,1195.22,682.03,322.51,239.80,77337.90,0,manual,
SCVAT_1A5B3A501AFF8934,34,1,35_wheel_possible_rock.png,1182f405ddae6f4164778a9979640ac130f800838237364cfb04b6344eada1b6,engine_bay,engine_bay,structure,intact,no_visible_damage,738.93,551.46,952.87,694.68,213.94,143.22,30640.49,0,manual,
SCVAT_905B0955B6390E87,34,2,35_wheel_possible_rock.png,1182f405ddae6f4164778a9979640ac130f800838237364cfb04b6344eada1b6,wheel_tire,wheel_tire,mobility,degraded,possible_damage,763.40,658.71,854.60,742.21,91.20,83.50,7615.20,0,manual,
SCVAT_F6CA9423CE31E86D,34,3,35_wheel_possible_rock.png,1182f405ddae6f4164778a9979640ac130f800838237364cfb04b6344eada1b6,wheel_tire,wheel_tire,mobility,intact,no_visible_damage,530.26,545.68,595.13,620.82,64.87,75.14,4874.33,0,manual,
SCVAT_E6A5E12028F984E8,34,4,35_wheel_possible_rock.png,1182f405ddae6f4164778a9979640ac130f800838237364cfb04b6344eada1b6,windshield,windshield,structure,intact,no_visible_damage,767.83,512.28,852.04,579.07,84.21,66.79,5624.39,0,manual,
SCVAT_BF31EB4425CEBFFE,34,5,35_wheel_possible_rock.png,1182f405ddae6f4164778a9979640ac130f800838237364cfb04b6344eada1b6,weapons_station,weapon_station,mission_equipment,intact,no_visible_damage,668.35,434.56,837.26,519.34,168.91,84.78,14320.19,0,manual,
SCVAT_E405608F345A4915,34,6,35_wheel_possible_rock.png,1182f405ddae6f4164778a9979640ac130f800838237364cfb04b6344eada1b6,comms_equipment,comms_equipment,mission_equipment,intact,no_visible_damage,751.84,546.96,775.30,610.54,23.46,63.58,1491.59,0,manual,
SCVAT_8354839322C3A681,34,7,35_wheel_possible_rock.png,1182f405ddae6f4164778a9979640ac130f800838237364cfb04b6344eada1b6,door,door,structure,intact,no_visible_damage,655.45,536.26,730.91,664.17,75.46,127.91,9652.09,0,manual,
SCVAT_EC7FEB92CE6AAE36,34,8,35_wheel_possible_rock.png,1182f405ddae6f4164778a9979640ac130f800838237364cfb04b6344eada1b6,door,door,structure,intact,no_visible_damage,595.50,511.58,658.66,628.85,63.16,117.27,7406.77,0,manual,
SCVAT_6E3AE2871432FE08,35,1,36_engine_unobservable_smoke.png,33deb8045c7f78d6d0351f55d5e829a367f48d615e716182fc163d310d93a1b3,door,door,structure,intact,no_visible_damage,468.10,429.22,566.31,625.65,98.21,196.43,19291.39,0,manual,
SCVAT_0451B0E2FEEADD75,35,2,36_engine_unobservable_smoke.png,33deb8045c7f78d6d0351f55d5e829a367f48d615e716182fc163d310d93a1b3,door,door,structure,intact,no_visible_damage,377.39,388.87,471.12,575.78,93.73,186.91,17519.07,0,manual,
SCVAT_DCFA7E1F90AA9F07,35,3,36_engine_unobservable_smoke.png,33deb8045c7f78d6d0351f55d5e829a367f48d615e716182fc163d310d93a1b3,wheel_tire,wheel_tire,mobility,intact,no_visible_damage,607.53,628.07,729.40,762.71,121.87,134.64,16408.58,0,manual,
SCVAT_2E4D393E12B9B927,35,4,36_engine_unobservable_smoke.png,33deb8045c7f78d6d0351f55d5e829a367f48d615e716182fc163d310d93a1b3,wheel_tire,wheel_tire,mobility,intact,no_visible_damage,274.36,447.23,382.50,576.96,108.14,129.73,14029.00,0,manual,
SCVAT_99A43324879B38F3,35,5,36_engine_unobservable_smoke.png,33deb8045c7f78d6d0351f55d5e829a367f48d615e716182fc163d310d93a1b3,windshield,windshield,structure,intact,no_visible_damage,603.60,396.13,795.25,518.00,191.65,121.87,23356.39,0,manual,
SCVAT_733F6B1D9AFDCE93,35,6,36_engine_unobservable_smoke.png,33deb8045c7f78d6d0351f55d5e829a367f48d615e716182fc163d310d93a1b3,engine_bay,engine_bay,structure,destroyed,severe_visible_damage,605.56,527.82,923.99,668.37,318.43,140.55,44755.34,0,manual,
SCVAT_FA856AE733B3EF89,35,7,36_engine_unobservable_smoke.png,33deb8045c7f78d6d0351f55d5e829a367f48d615e716182fc163d310d93a1b3,wheel_tire,wheel_tire,mobility,intact,no_visible_damage,1323.38,271.04,1448.00,410.95,124.62,139.91,17435.58,0,manual,
