"file_name","sha256","size_bytes","width","height","annotation_count","source_url","license_name","license_url","source_asset_id","scene_id","vehicle_id","sequence_id"
"commons_101805120.jpg","2029CDA6464284A916D9E21C6F659F8A36C9AB48EE04BC36074BFB8F09383915","328434","1600","1067","0","","","","","","",""
"commons_105139955.jpg","DA50E1A3392D3714D8BFBC3DBC55A47EC9A940BD7D34459F450C3ED47A082377","332067","1600","1063","7","","","","","","",""
"commons_105139982.jpg","24EC0AE3C2E5DA1ADF517A5F37F284234D4FAE35CA9AB6B7CC4A15963DA1836D","537498","1600","1063","6","","","","","","",""
"commons_105160340.jpg","D3A26D834B3DC668E3BF0AB50AD137BF58E60CF19BFCDAEBBEAA63AE56634E35","772862","1600","1067","17","","","","","","",""
"commons_105160341.jpg","982C333AC144A24332D254934148E56F8DF47A6EEA96B371516B3DB79C5CDA54","502938","1600","1067","14","","","","","","",""
"commons_107655405.jpg","7951A5EE8305B06857D298EE85029CD8E86CBE578450ABC76490C0EC29551527","358681","1600","1067","14","","","","","","",""
"commons_108061759.jpg","D19A439AD2081EA746D890D06F72268987325AD1B7719EE6E57533ED4E353611","548494","1600","900","25","","","","","","",""
"commons_10891302.jpg","B2AD546030603EDEDF17D16F97E1EC334E60EE4DE41C5A98BD74B76BD43DB4C9","235430","1600","1063","11","","","","","","",""
"commons_111156378.jpg","46FEA4BA6A7D97BE582F35D1454462746BDE65A36CCC0E1642F6FFF6A21BC7F2","522736","1600","1200","7","","","","","","",""
"commons_111156379.jpg","8D913519703DE9AEF5DB4C43C2BB95DC7AA2E73F8D9E97A7714938A53A8CE1D4","484352","1600","1200","7","","","","","","",""
"commons_111156397.jpg","DF67AD1D5DC93A2A5CD1C103207C25F3CBA94E1857003A8A34EB998FA70DC034","498569","1600","1200","10","","","","","","",""
"commons_111156398.jpg","67517372ACF8C8125F9A11DFB5D7BCC680C17B61D725E7503A55B402E3030547","491900","1600","1200","13","","","","","","",""
"commons_111156402.jpg","FA057F98BDDFA3B1409785BD180D21082C02BB5B197AD5ACAF6DF5BB507019F1","542841","1600","1200","21","","","","","","",""
"commons_111156405.jpg","9D87783A3940F5C5B014104E0CA887A57B9D23DC4F3F89F014DBB43B2DB595AC","562843","1600","1067","15","","","","","","",""
"commons_111156409.jpg","C598671AA099B471C4729615967FA6D52C7E0151FB7D00AB5D2615C5666D261E","466471","1600","1200","8","","","","","","",""
"commons_111314686.jpg","C5BEECC4DFE0EB4B15D9BF0F7A7E8C75A46E8529A580985095CC8F27209268A9","463179","1600","1200","5","","","","","","",""
"commons_111314687.jpg","5D3839EF84AED27C168171B91B5904679E854945A7CF82606135BFF62756ABF4","508814","1600","1200","5","","","","","","",""
"commons_115859539.jpg","6B0A37D528B0E9AEFCBAEAC2EAD89B030621773F5BDFEB179F8C518C86423E55","391854","1600","1200","3","","","","","","",""
"commons_116019413.jpg","D64997DD1F2F5BFC590C0FDC4E41FA841898DB895DA8B752EF0D8B2450DD0AFD","586647","1600","1067","13","","","","","","",""
"commons_116019587.jpg","8636DD6BE4918F425197A2F2C4D633142C39DF05428FEB9E85E3E06D89F7370D","432229","1600","1067","6","","","","","","",""
"commons_116019772.jpg","3F45E751FA9E62EE072E13AF48407EC70E2A6C85896CEE376A2D5A82CA04A086","688200","1600","1067","9","","","","","","",""
"commons_116020366.jpg","FF51EB5A4058C984773600A68A4AB5A7895E91B8824FD18BA53D77BBFE3B11EA","577153","1600","1067","7","","","","","","",""
"commons_116105274.jpg","E535ACEC70BFFB61DB573123AC581A1A5E26C9A99B60DFE5085C7F0AAC5AF64F","368333","1600","1067","10","","","","","","",""
"commons_116105961.jpg","EC9D21EF51C0EAB3061FC9AD64006F5FB05B22D351759614E51561CC705B39FC","356212","1600","1067","8","","","","","","",""
"commons_116298354.png","A0DA930528C4F0A6807969FA1A025EB84D86B3F36B35E66A6C3E3E3F103EC0CA","1458404","1600","900","8","","","","","","",""
"commons_116298356.png","4E51E39B5FADC22E95EB9DBFC549A03B5C1BE4A195E5D5252C2244AAF44FD916","2015338","1600","900","4","","","","","","",""
"commons_116331332.jpg","3C7680FD3AB95920624140FC77C2DE6003489DA00C8B96F48C31AB14C06C1C6D","346951","1600","1200","1","","","","","","",""
"commons_116331334.jpg","D5849E89C8DED5223D2298373D7B6FFCAE585B931244A9ACE6591A7081D0DBB4","958693","1600","2133","1","","","","","","",""
"commons_116331335.jpg","7C6C14592F0911D9C44BB4CBC36F33BABC4A1EB11C8713913EC457E9584AA19A","580839","1600","1215","4","","","","","","",""
"commons_116486227.jpg","F40994C315C4BEE911A32D9A88EEB76697986FD66292F48882596C378FFFD592","547023","1600","1200","0","","","","","","",""
"commons_116486231.jpg","7855BEBC8D0488F38CBE416C3502DD5A669DADD1349451BECF92B9E48E9946D9","780603","1600","2133","2","","","","","","",""
"commons_116486232.jpg","F8CE490E851229B80D5D353C77D6B62C251F017186975802BF434D4C93FC87E9","730195","1600","2133","5","","","","","","",""
"commons_116486236.jpg","BACEC9FA75C10A7CD25D85166E5E51127006321BFC9F24539ABDB5BAC6DC210C","712299","1600","2133","2","","","","","","",""
"commons_116762940.jpg","388261ED88C17F39D627C43292D259CC4085CD62DD9AD72E904787DEFA590D51","403228","1600","1067","7","","","","","","",""
"commons_116942562.jpg","42E8156520EE51F7034A3C995DBF0707F35C6321A645027587453562C216A7CD","467578","1600","1200","8","","","","","","",""
"commons_116942563.jpg","D9681A6A5E00746EEDA682E048E000FD0450C7D9A6ABE5CE9C3551029C2959C2","427676","1600","1200","7","","","","","","",""
"commons_116943712.jpg","59EA2C9168DEA7DFBF0D8EB7838E810A76E257635B3D1D3AAF95F8FB39E3414D","515265","1600","1067","8","","","","","","",""
"commons_117140369.jpg","33B68E0E57C366C94B5E5A05F97B9E69B542E30F73FA8EB4E522948AFE6F342D","335338","1600","1054","8","","","","","","",""
"commons_118445741.jpg","4B9DA8701676BE7B8B72AE3F6233318EA3C4F6D1EC7ECB4080551CC08DAF5D72","545358","1600","1067","5","","","","","","",""
"commons_118445750.jpg","4280A88CA755EF2998E3DB38B3F3F448D78B3B8968B8840DCDDF72191F56FD46","524221","1600","1067","3","","","","","","",""
"commons_118445752.jpg","163BF7EF54F838F718E16B0931C11837B95CD1DEF4843F884026B6048A623253","603942","1600","1067","5","","","","","","",""
"commons_122203760.jpg","F03852801113B1A013E2E3E10C21D9E2DDAA3DCF7AC2B97B0F6C840E715851E2","446239","1600","900","4","","","","","","",""
"commons_122545082.jpg","F250243BA86833F53A889B2901B36E19BD9940620EB5A6E59A6B34643121E5CB","570918","1600","2297","3","","","","","","",""
"commons_122545378.jpg","52D953CF192421EDCF70250FD4CEBA486A678DA99EF2FB9A254FB26D916A7D4A","304038","1600","1063","8","","","","","","",""
"commons_122578921.jpg","03BCBAC06D1038941C6C74689EA9A57956E162A2FA11039332FD34B145D2AC74","342975","1600","1067","5","","","","","","",""
"commons_122970473.jpg","BF6E40539F010F03B7A68BC25533586493206B0AC795DEC11A8E59D38400202B","439069","1600","1067","7","","","","","","",""
"commons_123011357.jpg","0AA7D898B28159D460FBEFF694BBE59C395EEDA3395C713BAF735A92BBA087F6","379570","1600","1067","5","","","","","","",""
"commons_123058182.jpg","B84B4787838A3D7991BDB0ECD53D6B90487C10542FEB69884CC31C713812D812","888009","1600","2133","3","","","","","","",""
"commons_12528763.jpg","4FF3FDEEAC5AD7BC7C3752CD25509C2A50ACF90D8CD712BBF526909E2C86CB43","723303","1600","1050","6","","","","","","",""
"commons_12536215.jpg","165B22EE78088D1ACBEF9BF9756BD25D4807AC6BBC0D3B7D913B64E582C7A66E","474400","1600","1050","15","","","","","","",""
"commons_126400524.jpg","42D9824EE0BE4E2E521B8BEE0231FD85A971E66751D457F0C7AE8DA33F7E2318","184633","1600","1067","0","","","","","","",""
"commons_126400525.jpg","AE4E3E4506CBA843F916FA823DF8F451823E38498D32CECBE7D867AA10D4B30F","224614","1600","1067","5","","","","","","",""
"commons_126408548.jpg","7FED12A8247E73DE0BF9EBF51B9E027587EB838DDC89F5296ABAF98206FDCBB8","628354","1600","1066","5","","","","","","",""
"commons_126408549.jpg","905FD5CAA11E670C0D913BAB359C06FD4371ED9E9E53375ABF49A97829D06706","465917","1600","1066","1","","","","","","",""
"commons_130651475.jpg","9970B955C2C092B580236944FB9F786166A13D49C7543A15D687FFDE4BC11D3C","390873","1600","1200","1","","","","","","",""
"commons_132626622.jpg","5F1FA819ECBEEFB92E06B583BB1065763438BFDB054AEF49296B275A7D6C35FE","383694","1600","1234","6","","","","","","",""
"commons_148211029.jpg","6618BD174B626234C0C1E58D118400CD980D372EFE6C94BA258E48C78DB0E23B","582212","1600","986","9","","","","","","",""
"commons_148660381.jpg","50A862B49793D00C725C8C47F59221BB9192D6E6F948B851C7B638E857264BC6","460835","1600","1318","7","","","","","","",""
"commons_157132927.jpg","B54C2CD20BD5F166B203894D2ECDE2CF96F8ABFF6B740628C28B64EB025E066E","463696","1600","1067","6","","","","","","",""
"commons_157132955.jpg","44BD28C148A2DF70CEAE81BD9795790519D596A1AB27BA166B40A50DD28D15B8","525452","1600","1067","6","","","","","","",""
"commons_157372703.jpg","A7ABDBC55C753EC46B01575480D161A6437B305910F4D53D9F5B31BA941A5C50","400189","1600","1067","6","","","","","","",""
"commons_157807922.jpg","7D0A00962219B63168B9BE67A94978348D81DBAA8DB2C16E7046582B59B8BFFD","263906","1600","902","2","","","","","","",""
"commons_157807955.jpg","88DDBD6E572B418121EAE227E0EC166504260E887A5A88C0D1865FA53A10C051","265687","1600","1067","2","","","","","","",""
"commons_157808141.jpg","FFF9022C0F914F04CB1C197056AD879655913F2F3DD52109E59DC3D18463C21A","623637","1600","1067","5","","","","","","",""
"commons_157808159.jpg","4868BDB364B867E2C887289D51F874FDA2FC8B34FC399D32913B894074869B81","439160","1600","1067","2","","","","","","",""
"commons_157808472.jpg","AE882214FC6F1B85743FC1A4ADCE58EBF11E7B7F6D9711845DEA051420B47E10","673554","1600","1259","6","","","","","","",""
"commons_157812965.jpg","DE2AA10E14E87865F62523F992593F98710FBB47A4E391F1B6F31AC485016D6F","498591","1600","1067","9","","","","","","",""
"commons_157812973.jpg","58CCB653800FA0059486161A7F11F69E2B3812DD62AC6B7E74F1FE87955FB3D3","444433","1600","1067","5","","","","","","",""
"commons_157821756.jpg","CFE6EDABD9FFBFA9389102DC2CDCAC468AAE2338BFA022F10D2CBF6BB321C038","223649","1600","1067","1","","","","","","",""
"commons_161850548.jpg","237FC8DEAC1DA971324FF81BE6FC2E9D615D6B6E4A8FD9E39B83AFDE80D787DC","776463","1600","1200","7","","","","","","",""
"commons_161989600.jpg","9824367B389B94E2FEBC9477B79645D78951821EC5EB8C84413EC8282FB4ED8C","717699","1600","1200","8","","","","","","",""
"commons_161989601.jpg","B17D06B2930D5EDD348ADFA8FF0E53CEA433D139F3C7A0BD352C732146792E39","634887","1600","1200","12","","","","","","",""
"commons_166728945.jpg","9F51EB7B2E1C6055EA6952B7155C83D071103AC3BA5F4C368C7BC8DC5AB2649C","510200","1600","1000","7","","","","","","",""
"commons_170307069.jpg","7ECEF05FE9403895E5A8BA9E81073881B86C3130BCB3FBBBEB5CC9BAC2F05EB4","444792","1600","1066","5","","","","","","",""
"commons_17879383.jpg","9B8221A26D38C59084BA3E67FAB2851F6C9E64E82028D5E70501855126D98862","359302","1600","1200","6","","","","","","",""
"commons_184005053.jpg","A50C15A3E46F800D6A972A68D14193918CDFF2DC1677DDD28943B9C09FCCFD8D","540809","1600","1447","8","","","","","","",""
"commons_191018914.jpg","E6BCE2921A10375EF903A8A8E05307DE6C0DAAEA4CC8E432B7F53FC858C10C81","326192","1600","1067","27","","","","","","",""
"commons_196256603.jpg","602D9537969293DE685719E727CFB4DC46E5C8D217A8573F91F04E9F6D025998","627940","1600","1066","3","","","","","","",""
"commons_20727414.jpg","3961A7B61E962E059CECE57D445FF013496AA6C59B6F18032880366AC8DF0986","492633","1600","1079","12","","","","","","",""
"commons_21426040.jpg","E238B5BE9C8416F1D1AF9D18CBEB4EBEC05DC913CE0E230B8D3DD45814D86B81","338747","1600","1004","5","","","","","","",""
"commons_21430559.jpg","42C673ECCD23D58732449EB8A505EA792A22E4BE2130555B3FC286BAB68A74F7","357296","1600","956","12","","","","","","",""
"commons_21493525.jpg","B2460B594F5D4B9642599633B69606551D229EC3144AA1A6B54304B7850E8C3E","296762","1600","965","4","","","","","","",""
"commons_23003511.jpg","B87619E952F6DDD032B5ECF43FAE55D68F852F6BF87789161F5A177A4D1E2A1A","479488","1600","1128","19","","","","","","",""
"commons_23107450.jpg","BAEF7F2F54FF6209B029D54CB5E0DF47A4B687D33E19263764E43C4BA010AE49","393459","1600","846","25","","","","","","",""
"commons_24022862.jpg","9FFE759BBD1FE267A3FADFEBE10C0879832023FC83FD78B9B558B6AA33BF37BF","515301","1600","1063","4","","","","","","",""
"commons_25392180.jpg","A85DF500A87D8819CEDE56FDA6E9B02CA3A8CA636C392A4F577E6FA7C4399CA8","983625","1600","2257","14","","","","","","",""
"commons_25395807.jpg","C15172C4B1AA23720096270D6958888F29AB194DFE27657B0ED720FAA2E6F081","403701","1600","855","29","","","","","","",""
"commons_27232677.jpg","B1EC19AAD09B2F3FE4C0460B18E6D382949DA6819FD241BE8B63509389CB4019","429818","1600","1113","36","","","","","","",""
"commons_34939104.jpg","0AFC567CAF24058D3AEA82E71297E89A69A61E981F0073FAA35518B7C265A01E","444380","1600","1200","8","","","","","","",""
"commons_34939407.jpg","F87203F878A360FA978E50FC9DFC369BF2DAADD7D65A17BAF4BEDA8BDE6B1B3F","345091","1600","1200","6","","","","","","",""
"commons_34939409.jpg","F78DBE4AB4DB88288E72597237D58DA1C4F0B683B728D88ED919F364545F3790","404867","1600","1200","8","","","","","","",""
"commons_36630032.jpg","180AD32492B8F5044856C0BB21512F38CD6711278393DFDF595FEE22B083E4F6","555952","1600","1109","9","","","","","","",""
"commons_39122639.jpg","1747CADD9A0C9325A531991F1D8292ABE3E9DF260220130F491EA25F5368F0D8","464200","1600","1067","9","","","","","","",""
"commons_39270341.jpg","EB1438129C2321CE1551B7F8D68F0351A6CDD96102590F10B7EF56E478E0D52D","425288","1600","1060","3","","","","","","",""
"commons_39270343.jpg","86ACD84DA80FC50E69007A46A8187EBE870ABBFE558EF56D1F35C8D6AD91CA7D","453808","1600","1060","20","","","","","","",""
"commons_39639241.jpg","471DFCC2435A5D4C48E8F040A88A2042F7E682614B212F23FB9FD691E4F03843","284144","1600","1067","5","","","","","","",""
"commons_39639277.jpg","2F769977647C778DBA5BAC913DBFD5A1EF62E7F2F1EA2D0718FD684DF96AB4AB","475672","1600","1067","5","","","","","","",""
"commons_39639320.jpg","C0D1AA5039A5AB67F50B7C9068ADC722CA6740CD92DED5E74B7143A62FE52402","537269","1600","1067","7","","","","","","",""
"commons_39639465.jpg","594AB2D25430663036C770AC059FA8D93E332176927B08A35DABE3A868D1BBEA","282103","1600","1067","13","","","","","","",""
"commons_39639486.jpg","94C267C6A759315BEC8B39B16757CB2166085F3CA6F21BC57071592557940EC6","281965","1600","1067","4","","","","","","",""
"commons_39639509.jpg","C9EDD5AC127F5FFEC7956365A445C8E0F53F166A6CE3FEE33EE01E3167C919D0","388117","1600","1067","12","","","","","","",""
"commons_39642739.jpg","C707DF301858DD429482A62251BD17F3BB6539B0AD698686D0B97F171891A685","464286","1600","1067","8","","","","","","",""
"commons_39767057.jpg","EBA36C007DF694D6EC00D400E528E54DC7EE200DBE5CD4AD9D5C4F4B33E07016","355128","1600","1063","4","","","","","","",""
"commons_39790915.jpg","B7E03C176C68DE81D0AB726B7981218EC7795A725B26C618E1C53F797B42B9FF","451629","1600","1067","10","","","","","","",""
"commons_39858453.jpg","50C7DAF743191DE91C276835C2A42F8677F37CEC2D147C96FEC2A02300C3FF91","558235","1600","1067","7","","","","","","",""
"commons_39969031.jpg","C854292AECE18304346CCC5DA7A6809FD8551731AA5079EC0D7A56392F595F12","279030","1600","1067","10","","","","","","",""
"commons_40286022.jpg","63B7143042A48F0454F00685EF5A93F772940DF6752BFD05C1E3A7532F3A5129","257496","1600","1067","7","","","","","","",""
"commons_42521407.jpg","B3BC506470CCA79FBC7FFA98ADFE7D90791D402A11BDEB28B93B8CD8D398C3A5","389731","1600","1067","7","","","","","","",""
"commons_42550687.jpg","4F324F12C1EECE86F3B842BB97D32B97A2283B808C709D4BCD0A9560B0196A8D","388403","1600","1067","29","","","","","","",""
"commons_42579862.jpg","81A9DE3F30408B36C793D2091C2B686EEFAA67667D4DC95D70BB25F6CE14D8FF","297629","1600","1191","7","","","","","","",""
"commons_43734545.jpg","64C12665362E49AAC7FC2180CEF55027AE9F268D130A7D3563D1B04456D51AC9","642629","1600","1060","15","","","","","","",""
"commons_44280087.jpg","774EF369501BB49F2568A481746896F0B9E0A066A392630246906AD85E3B874E","441308","1600","1062","8","","","","","","",""
"commons_45043131.jpg","BE31A99A1386CD77097E3EED11518546A7D80CE8B6DB9F90613C1770CB97F0D8","346635","1600","1213","12","","","","","","",""
"commons_45203500.jpg","B16FD96C2AF688A494634C6441B62A03DB7A3AAE1139BEF903EBCEDA4D55C373","260244","1600","1067","8","","","","","","",""
"commons_49500597.jpg","550E46A103392A663D2041485EF576586D2705DF22530539CF4D2E2813CF950F","243603","1600","1065","5","","","","","","",""
"commons_49536561.jpg","6D5F7CF4F01044C12D81D0F83CC877B8657D4C797E1ADB737CC8884E21E4D25F","269184","1600","1048","16","","","","","","",""
"commons_50849718.jpg","7025E6B6DDB193BE38E9D18D623E7AE10097E118A14B2A305A8420E2F680D22C","295007","1600","1068","6","","","","","","",""
"commons_50874286.jpg","46CCA73FA216436DF30589B2B0DCBDAD50A25ECD974C31C97A85F812F9E90685","582507","1600","1068","7","","","","","","",""
"commons_51811337.jpg","F8772C4B4D6BA92A90FAF9DE7567EEACB474F9F54DACEECA4268CDB8FAEB7F70","355963","1600","1067","9","","","","","","",""
"commons_51832455.jpg","A78140ED1268BC595B02CB0DFEA03C284BEC9092CED53CF4896FC6568AE773DD","626417","1600","1067","9","","","","","","",""
"commons_51832924.jpg","DC84C0592D3DB02D653735FB74A2749A345DC15F03B414B047A21A7701313AC5","426783","1600","1067","7","","","","","","",""
"commons_52035934.jpg","E7BCCAAFAC83923B9B24C0A2A9FE21CBF322D3D594308F73211D1A802A37CB9F","278800","1600","745","6","","","","","","",""
"commons_52208947.jpg","4578EC333C11826856868C8794A39027FAA9E7EC913ADD4BFF2F38F6B5D5B1D1","519965","1600","1200","19","","","","","","",""
"commons_52358471.jpg","7C0C261B1B5CB96FAD81015452DB92C9DCD46332CC153315C404E2E488E77BC7","1040226","1600","1278","12","","","","","","",""
"commons_52358481.jpg","9BB6F2FB0F46873A784F6CBAFCB63A17EE01E80C8270D42AF30C10FC7ACE1C40","428771","1600","1280","11","","","","","","",""
"commons_52400121.jpg","E1E2DC138C7141F8190FC9A37C8A14F755EA310A8789091EBB851E59C7CFE8E2","876984","1600","1280","11","","","","","","",""
"commons_52400122.jpg","D1A3AF269E6DB98F2CC0356422AEDB741D74610C33DB8B9520A6BA678C2A1502","350418","1600","1280","11","","","","","","",""
"commons_52400123.jpg","04CEE8CCDD707C25FB84501411D824E7DC5FE63A65CF7607A4C7996176CA171A","384219","1600","1280","9","","","","","","",""
"commons_52400124.jpg","D186A960155445B93F27DC090B257D93052739F5BC22881361D5F2B743938D53","917896","1600","1280","6","","","","","","",""
"commons_52540677.jpg","80340B55CCA6727AB9B3CA1A2AF0DDD6FC62F038284993181A66D0B74B64DE35","680313","1600","1396","12","","","","","","",""
"commons_53183995.jpg","610A256E56432068282B4FF06AAB5B2387B11E26D60EB2EF41D03B03BD6B59ED","603892","1600","1280","5","","","","","","",""
"commons_53326023.jpg","25D4819D040B507DC675882DB09619520BEE87891464082B89E9FE04E572B73C","500022","1600","1280","11","","","","","","",""
"commons_53326024.jpg","C99249C5B382A562AC22549DC216F7A812229DEA681253608A2F6325B7D59595","523335","1600","1280","8","","","","","","",""
"commons_53326034.jpg","2DFA7424FC644B7BE7618C7BDB2B24407020FCD60B2C24E53E9E6FCE1566C84A","595868","1600","1280","12","","","","","","",""
"commons_53326041.jpg","61D418855DA45B7BB459C6FC05CAB2AA8EF2D9A5FE93A3F9E9D3DE030F8AC8B4","632463","1600","1280","22","","","","","","",""
"commons_53326042.jpg","DDF1456BB791D2493969E6192DC7A57645F1BA923C1BFD69D83E62C70AB40F5A","540005","1600","1280","18","","","","","","",""
"commons_53326045.jpg","D7BDF9350A42B9F9C15B402981CC201545A44677D4CC668ABC5A1371A95EAB93","142920","1600","1280","9","","","","","","",""
"commons_53326050.jpg","65FDED8F64F3E5AF416A4DA00FDF8DDC55056044CF1FF31A884F8E629D243764","576956","1600","1280","10","","","","","","",""
"commons_53326054.jpg","371AD5CB759ED244FBC15DE9444071A935FE6FDC8800D8AC86A3638A9829000F","321622","1600","1280","11","","","","","","",""
"commons_53326066.jpg","A507B82BEF242EA29784744B1109387F8143EE3A9C0B10BCE41749324A62CD22","418012","1600","1280","9","","","","","","",""
"commons_53326078.jpg","8F38E14C5052654A5389743C36826C052E45FBADF334BAB65E777864DBE12A38","838698","1600","1280","5","","","","","","",""
"commons_53326090.jpg","816D804C4254AFEBBDC6AA5BFDAA2481671B8492B2AD12AFF1023D8CE625E66D","1161888","1600","1280","6","","","","","","",""
"commons_53326092.jpg","8C696B0A643128362D4A794D63AEDF921E49C6014478BB2423B1086FE3B647A7","450311","1600","1280","6","","","","","","",""
"commons_53450145.jpg","BF68836A3D175397AE8BEE93E861EEC562A79201BC8328B1072E7DE3894687BF","412496","1600","1071","2","","","","","","",""
"commons_53502588.jpg","2E8F83636100881F4579E562AE4E356FFCC7B510AEE0F6960FEB63373DE3DC78","754309","1600","1200","7","","","","","","",""
"commons_53502598.jpg","8CAACA711D5DABFFC00B7AF9161041B34FE72D938DD1E89E9A5FAD8A2141A211","749308","1600","1200","9","","","","","","",""
"commons_54962570.jpg","B8DB21A8FF8084488094C56613AC6A9B1BA0F17D681A670497359D73E669658D","646465","1600","1130","9","","","","","","",""
"commons_54962584.jpg","32F6A60EB95047633A71442AA7A62552C624D12E7424C24546B7AE37EE702291","468510","1600","1177","5","","","","","","",""
"commons_56467136.jpg","5ACAC3908A08D99AC503ABE8DEF9C903F47EB5DBB931FA1176D234B6A083507A","263407","1600","1064","6","","","","","","",""
"commons_56467146.jpg","7538F916CBED49219162977F7F9E628178950589BCC2D831E9CCAE139B244356","327774","1600","1064","7","","","","","","",""
"commons_56467149.jpg","5EEB3710ACFBC33FF0D37B1E3108E0336D9260A6A30ABB01A2BFD20B6AE07618","373233","1600","1064","22","","","","","","",""
"commons_56523014.jpg","A8B2D0FA08C17175BDA627177A46276E8B3AA980960DCBAB16E2137EF129462A","215136","1600","1067","22","","","","","","",""
"commons_57172831.jpg","9289D76DEC6BD139850D5F82FAC56C8E9284AE3F19218DD206CFAD5914FD1E43","482397","1600","1200","6","","","","","","",""
"commons_57172834.jpg","6DC38296B6DE2857B36633FF5C72ABA169D29E7D746503715251D89335501827","487378","1600","1280","10","","","","","","",""
"commons_57213607.jpg","1DBD4CE43DA00F50FCB4A3A43971D9951A6DE0347ECD20B7BA8B1511F66ADF02","489402","1600","1200","7","","","","","","",""
"commons_57213609.jpg","84605AB6001BF6A4F7D8927DF9D4E6B963A0BB4B6856D02BB20279BBEE23F3B2","561566","1600","1200","8","","","","","","",""
"commons_57213611.jpg","AA060B75EDBEB69BEC60954123F929312918086DB0A904462F11C86BF66F9491","657188","1600","1200","5","","","","","","",""
"commons_58361052.jpg","258F52AC6DC7285A3559586D941B1AC0E89BF427704A318C32633BF91A68D194","505983","1600","1067","6","","","","","","",""
"commons_58361970.jpg","042C4EAA92D4DA7C46C7D3777D1ACD90FD0C64939800BAD5F1A339C0596D39FB","488692","1600","1067","8","","","","","","",""
"commons_58361972.jpg","19FFB10D854EA56739007DE061CA1D207F0FD243FA6BE4C66F5F3BC26F6F1DA7","382242","1600","1067","8","","","","","","",""
"commons_58362083.jpg","7BF4522EC17DE15790406756EBD3FEC7330EE7C9568E96C8ADC0BFCF194D1549","334025","1600","740","45","","","","","","",""
"commons_58364027.jpg","4A57255FFE3CAD77302E7B557082DB35A3EB955AE11D010B8CBEF1F203F2D4D5","366639","1600","1067","9","","","","","","",""
"commons_58364035.jpg","71037115BFC9834EC477094623EDF958F9C5E85D3FAC7E79C9C933425DD50532","295524","1600","1067","4","","","","","","",""
"commons_58366958.jpg","B21BCC18DFF1ECBB67EBE0A39C047A015793E6719732D577101127CB9D85D27E","507601","1600","1067","14","","","","","","",""
"commons_58366972.jpg","DA88B03A842DC17E95BF9E557C55161ADB034AE4B060A83BD2728DA2E8D33F4F","392057","1600","1067","20","","","","","","",""
"commons_58366992.jpg","C73FBA801629A64B7DE911722815AE5D1076D4E32C9F47DC801C819D47CF9A04","578194","1600","1067","11","","","","","","",""
"commons_58366999.jpg","152950D12E2665060506A2E730BCBA39AB6925B6308E45B8F1B0AC8B0260CB7E","538012","1600","1067","9","","","","","","",""
"commons_58369221.jpg","4AB264C4597722895B0AC15937BD3A50AB4DB64FCB0E651D6E05DB2452865295","369980","1600","1067","8","","","","","","",""
"commons_58373231.jpg","4D3749886516C24DA8A8ED7ACC2B32D58E377B9F38353655B069B5745615451B","525407","1600","1067","7","","","","","","",""
"commons_58376074.jpg","E467709392DBFC5B49EBF7F4D5043D46817236FD139B9DA1DD60D4BA8A487A3F","491402","1600","1067","16","","","","","","",""
"commons_58376349.jpg","010F8CAF2E07D2D285A8010C3FC672189D345F89643E5A60994144CBAE19B4C1","501099","1600","1067","5","","","","","","",""
"commons_58377247.jpg","7205EBF976EE8957FC238ED088C712A59CA80483D37363DBEA8AA99106C4A4D8","511840","1600","1067","8","","","","","","",""
"commons_58377255.jpg","080FE1C8275EC0D4D4D8CABE77B16C16ECCC3CDD4AC00E15E46532B1FA6CA8EC","587866","1600","1067","10","","","","","","",""
"commons_58377427.jpg","FE786C6A3D334A56E05B5423D5777EA05EEBC74251869C52D090B15FC183698E","847136","1600","1067","8","","","","","","",""
"commons_58377428.jpg","BD4F0CCA4BF8E865801B9802FD7E38E49BF9F05BE06787795BFB846C7D46C2E5","723446","1600","1067","10","","","","","","",""
"commons_58441378.jpg","4BCA7FB8478158349FC0A098728F0EE6BFC451B873A6CC82D537EB069E9AACFB","673372","1600","1067","3","","","","","","",""
"commons_58442353.jpg","06327C9760E99F54990A13BDBDD4FCA9B94457C9B606569A8C71277BAB668C8D","363020","1600","800","7","","","","","","",""
"commons_62665218.jpg","655F96F0C520478A73838B7E8046BFBCD1BA05E93F3B9C6F4DFB67AA3F8C3047","501312","1600","1200","9","","","","","","",""
"commons_63464911.jpg","34691F0AF187D49BBE6AA818238A51315ECED4A71B906C400F55129FAF8DDE39","440915","1600","1200","5","","","","","","",""
"commons_63464912.jpg","73DD61D11EBE857A9DF3BD892F040C2DD601AE214E2B3B4A53B6903151329B7B","627032","1600","1280","41","","","","","","",""
"commons_65335915.jpg","D6DB0AF8120DFF66946821EFCFE9B222F1CF8C2F1345B1B91E9F314A1397A9B2","517016","1600","1280","9","","","","","","",""
"commons_6678955.jpg","47644E634371285607E3678FF7F3B28D3E7CFCBAFE71ECF8ECC821923EACA1AA","401865","1600","1065","45","","","","","","",""
"commons_71658956.jpg","8FA6F1FD6EED2456026EB8D6FEB17DD57FDCACE33858DC00DD4951BE167E9CF3","424163","1600","1066","5","","","","","","",""
"commons_71658961.jpg","07105F43C9633B0DC0DB05E7582B28270CFCDC916DEB49C53B991221C8333227","397292","1600","1066","47","","","","","","",""
"commons_71754870.jpg","510F3D6F8A8D21019EE018E66FBD17679A1F092865E0FF857885F37C00D5B0DA","488544","1600","1200","22","","","","","","",""
"commons_71754872.jpg","CD56F8645A1C32DD3B39912A375FD0A6EB2C59A44E1C186B1D9F659D0CFB11B1","425453","1600","1200","18","","","","","","",""
"commons_71754899.jpg","E8531F1C05C0BB6BE982FD2F8835BBD7BFE2F505AD10FD01DB263A969E852146","410719","1600","1200","12","","","","","","",""
"commons_71764577.jpg","AB30678C85599A9656CEADF4A32514E81A3A493E7EB421253F4D4E31FD73AEBA","503922","1600","1067","19","","","","","","",""
"commons_71769083.jpg","A922A6A14B480A5FEE2AED1E4783272BF83E4CC2064A8B88BBA9C3CDAAA7CDFC","347789","1600","900","48","","","","","","",""
"commons_71932447.jpg","C5DE029ADBFB9B6992FD6C0E59BCE1223465BA88FBF12527C443D965384DF072","452553","1600","1200","17","","","","","","",""
"commons_71932448.jpg","1DF65C89E54EA48B0E425389C8C0850F81DEF155522D816C155FEAFE7D416952","486134","1600","1200","28","","","","","","",""
"commons_72095749.jpg","3298D9BE77759C4376EB8A0081E4B1C1B764ACB6AC6F1BAE2CC0194F095446A0","520548","1600","1067","17","","","","","","",""
"commons_72132390.jpg","7161ECD0F3FFFA563AF707E77BC89D3E245C16C03B3500708E6EBDD69309479B","418845","1600","1067","8","","","","","","",""
"commons_72132441.jpg","05F983891E5325A2DED8FCA06F86510A75138A1203F1A44457A945A271B360E4","586323","1600","1067","9","","","","","","",""
"commons_72132492.jpg","EE181E21A1B6349DC1224BA67F7B3732B698242A04FEED3A90A725C439EE9CEC","369089","1600","1067","15","","","","","","",""
"commons_72132730.jpg","A8C64C64BC69AD3BF51D1A150668538B0CEA3AB2E20BB8633F0594A94ACB9641","571792","1600","1216","8","","","","","","",""
"commons_72143471.jpg","00E8B62546CF59802412839E3A835AD2F784E243DED4E461D7CA46895A49FFC8","342264","1600","1064","18","","","","","","",""
"commons_72281282.jpg","3809F55A962E1F5BF2E1C3BBE71A1DE2B74F940298D051E093234D8B28D6FF7D","310593","1600","1200","6","","","","","","",""
"commons_73212975.jpg","A90382139786D363A0CACD841CCFEA9AA58E8BB193B99BE01592DC89D82A5C6E","382610","1600","1133","5","","","","","","",""
"commons_73349395.jpg","4E18BC419301009E7E22DB7111FA308E9B9784A49029B4BFDE780E033B20D1A3","1252102","1600","1280","7","","","","","","",""
"commons_73531531.jpg","A593DBE17918073852143827219C049CBFF2B395BF3DC40FC751FA67ED825A48","470526","1600","1067","12","","","","","","",""
"commons_75439797.jpg","5DF8008A445B0E7D10203A1C8E5EDC2CC5DC26BDE78074B9F50E58CB0DDC7511","485390","1600","1067","10","","","","","","",""
"commons_75445637.jpg","203EDD70F40F067A007478783318933F8CF1C6546E7AC5A4F43B512825E91349","330041","1600","1088","16","","","","","","",""
"commons_7721195.jpg","694938E32B154CB87D1EE6F4517EE637C452E8D67B8A8D27E1BF00F4991E7090","323454","1600","1014","8","","","","","","",""
"commons_80495976.jpg","2EC94635F8958F8AEA0E28C436B66FFB0EDE4DDEA9896CE114487C468E4D4EFA","366037","1600","1200","7","","","","","","",""
"commons_8234400.jpg","FDD14A6113DB905176E5726133132E43E02192C56F4F549721E13B02F281221D","315905","1600","1063","10","","","","","","",""
"commons_8234680.jpg","00A6EC568EF3E93CBB2CB81E3F9EF185DACB5D7AA3169693833229BA77226B4E","359940","1600","1143","6","","","","","","",""
"commons_8234874.jpg","8A930D3F72DE9318E8F7381D71E2667CD39D84D4ED351720F977C31C34CFCC12","532042","1600","1067","6","","","","","","",""
"commons_86281009.jpg","63F770C817314427018F23DA43F34AF71258986DA60F29F6C4F5FF228D3F6740","480621","1600","1060","17","","","","","","",""
"commons_88130609.jpg","0233538AA5D3DF18A46A374F70C5F75854C934FBD759F3F64FF97F50CDFB5782","713012","1600","1203","9","","","","","","",""
"commons_89189583.jpg","EEB2B09F92EAEFF88FCAABB76E313179E2AFCBFC72EBC78A921EEA1872787FA2","598445","1600","1067","4","","","","","","",""
"commons_89191939.jpg","4D787F5CF2ADD46254BB7C1553EDC5C4F152C38DB630B16D9EEB733947E5FF22","368997","1600","1071","6","","","","","","",""
"commons_89191943.jpg","8359BB31C49491B4213AB58A182228BC5B6CD067142509614CEBF82C15ABCF3F","443136","1600","1021","14","","","","","","",""
"commons_89195225.jpg","FC00D2CE5830C58924E90478D166FE841D2DB419282151BAB74BC32E6AC0C485","568273","1600","1067","7","","","","","","",""
"commons_89195236.jpg","A6EBC000B726DED806C292D65FE55A62E4531AB7692F1C5DF0CB81B1D83DD5EC","373583","1600","1119","7","","","","","","",""
"commons_93665861.jpg","7FF3A3ADEE653AE3CF2D22ED8673CAF59AA072BC819005DDAECC193B061B3416","274396","1600","900","17","","","","","","",""
"commons_93665883.jpg","8FE3360BBFF7DA6EE70E118B31C6C812D0C4701D4A0B50191F0866F6B5FB78AE","276473","1600","900","8","","","","","","",""
"commons_93671970.jpg","F6E8800A42326659466BBB51A44F22FEFE44C8BE45E249DC182A378A45B3EDBD","422745","1600","1067","7","","","","","","",""
"commons_93671971.jpg","D48AB7224545A05B585892F00F3F92D9422975196C76BF3A8FFD19A2E4DA2B7F","227009","1600","1067","4","","","","","","",""
"commons_93749947.jpg","3BB34C1106C4FDEF9CDBF341020A798A5F89E292BC9E23BF84679364D45EEF31","376240","1600","900","9","","","","","","",""
"commons_93750001.jpg","35650408EB3A4E985FCAE676C6DE9C3F1BCEC999D475E470698B03745D4E482F","349251","1600","900","2","","","","","","",""
"commons_98159687.jpg","43EC8A802E992DD09EB09ED18A3A61C518AF4392A4C56EBD97144C82772C7C76","571113","1600","1200","10","","","","","","",""
"commons_9831442.jpg","EFFE2CD2DAD6ED87363DD3E7404F3AA4C324A8DBEA94CB565D6DE661D05486D2","409290","1600","1200","9","","","","","","",""
"commons_98904388.jpg","FE1456872758E0789ED500972C279091EB492EFF80ED267E3E8C1A7C11CC39E7","560237","1600","1042","31","","","","","","",""
